index,name,min_age,max_age,region,edu,edu_limit,job
0,국민취업지원제도,15,69,전국,제한없음,제한없음,미취업자
1,청년추가고용장려금 지원사업,15,34,전국,제한없음,고교 재학,재직자
1,청년추가고용장려금 지원사업,15,34,전국,제한없음,대학 재학,재직자
1,청년추가고용장려금 지원사업,15,34,전국,제한없음,대학원 재학,재직자
3,국민내일배움카드,0,75,전국,제한없음,제한없음,제한없음
4,청년내일채움공제,15,34,전국,제한없음,제한없음,재직자
5,청년고용지원,0,100,전국,제한없음,제한없음,제한없음
7,중소기업 취업하는 청년에 대한 소득세 감면,15,34,전국,제한없음,제한없음,재직자
8,청년 디지털 일자리 사업,15,34,전국,제한없음,고교 재학,미취업자
8,청년 디지털 일자리 사업,15,34,전국,제한없음,대학 재학,미취업자
9,청년재직자 내일채움공제,15,34,전국,제한없음,제한없음,재직자
10,청년취업 드림카드,18,39,전라북도,제한없음,제한없음,미취업자
11,청년 3·6·9 일자리지원 프로젝트 (지역주도형 청년일자리사업),0,39,대구광역시,제한없음,제한없음,미취업자
12,청년 맞춤형 지원사업,19,34,전국,제한없음,제한없음,미취업자
13,서울형 뉴딜 일자리,18,100,서울특별시,고졸,제한없음,제한없음
13,서울형 뉴딜 일자리,18,100,서울특별시,대졸,제한없음,제한없음
14,청년애꿈수당,19,39,경상북도,제한없음,제한없음,재직자
15,"지역인재 추천채용제도 (7, 9급)",0,100,전국,고졸,제한없음,미취업자
15,"지역인재 추천채용제도 (7, 9급)",0,100,전국,고교 졸업예정,제한없음,미취업자
16,청년취업아카데미,0,34,전국,대학 졸업예정,제한없음,미취업자
16,청년취업아카데미,0,34,전국,대학원 졸업예정,제한없음,미취업자
17,해운대자활센터 청년커피사업단,18,39,부산광역시,제한없음,제한없음,미취업자
18,대구형 청년내일채움공제 사업,15,39,대구광역시,제한없음,제한없음,재직자
19,인천 재직청년 드림포인트,18,39,인천광역시,제한없음,제한없음,재직자
20,청년 취업역량 프로그램,0,34,전국,제한없음,제한없음,미취업자
21,내일채움공제,0,100,전국,제한없음,제한없음,재직자
22,청년 내일(My job and Tomorrow) 학교,19,34,대구광역시,대학 졸업예정,제한없음,미취업자
22,청년 내일(My job and Tomorrow) 학교,19,34,대구광역시,대졸,제한없음,미취업자
23,중소기업 청년 노동자 지원사업 (구. 청년 마이스터 통장),18,34,경기도,제한없음,제한없음,재직자
24,경남 청년내일채움공제 지원사업,18,34,경상남도,제한없음,제한없음,재직자
25,부산시 지역주도형 청년일자리 사업(부산 비즈니스서비스기업 청년일자리 지원사업),18,39,부산광역시,제한없음,제한없음,미취업자
26,대학일자리센터,15,34,전국,제한없음,제한없음,미취업자
27,일학습병행제,0,100,전국,제한없음,제한없음,재직자
28,서울시 취업날개서비스 운영,15,39,서울특별시,제한없음,제한없음,제한없음
29,행복내일 취업지원프로그램,0,100,전국,제한없음,제한없음,미취업자
30,해외취업정착지원금,0,34,전국,제한없음,제한없음,재직자
31,온라인청년센터,15,39,전국,제한없음,제한없음,제한없음
32,대학생 아르바이트 운영,19,39,대전광역시,대학 재학,제한없음,제한없음
33,광주일자리종합지원센터 취업지원,0,100,광주광역시,제한없음,제한없음,제한없음
34,대학생 취업패키지 지원사업(희망옷장),18,35,대구광역시,고교 졸업예정,제한없음,미취업자
34,대학생 취업패키지 지원사업(희망옷장),18,35,대구광역시,대학 재학,제한없음,미취업자
34,대학생 취업패키지 지원사업(희망옷장),18,35,대구광역시,대학 졸업예정,제한없음,미취업자
34,대학생 취업패키지 지원사업(희망옷장),18,35,대구광역시,대졸,제한없음,미취업자
35,일자리창출촉진자금,0,100,전국,제한없음,제한없음,제한없음
36,새로운 경기도,18,99,경기도,제한없음,대학생,미취업자
36,새로운 경기도,18,99,경기도,제한없음,대학원생,미취업자
37,랜선으로 즐기는 슬기로운 청년생활,0,39,부산광역시,제한없음,제한없음,제한없음
38,참 괜찮은 중소기업 플랫폼,0,100,전국,제한없음,제한없음,제한없음
39,NEW START 청년일자리사업,18,39,대구광역시,제한없음,제한없음,미취업자
40,울산청년 행복지원사업,19,39,울산광역시,제한없음,제한없음,재직자
41,수원청년 내일로 사업,18,39,경기도,제한없음,제한없음,미취업자
42,산업단지 중소기업 청년 교통비 지원(청년동행카드),15,34,전국,제한없음,제한없음,재직자
43,청년예술지원사업 운영,0,100,서울특별시,제한없음,제한없음,제한없음
44,공공빅데이터 청년인턴십 사업,0,100,전국,제한없음,제한없음,미취업자
45,울산청년 버팀목 프로젝트,19,34,울산광역시,제한없음,제한없음,미취업자
46,청년여성 멘토링,0,100,전국,제한없음,제한없음,제한없음
47,부산청춘드림카 지원사업,21,39,부산광역시,제한없음,제한없음,미취업자
47,부산청춘드림카 지원사업,21,39,부산광역시,제한없음,제한없음,재직자
48,인천 청년 면접지원(드림나래) 서비스,18,39,인천광역시,제한없음,제한없음,미취업자
49,토닥토닥 청년일자리(job)카페 운영,18,39,광주광역시,제한없음,제한없음,제한없음
51,청년의 성공적인 취업을 위한 자신감 UP 캠프사업,19,39,서울특별시,제한없음,제한없음,미취업자
52,중소기업 청년일자리 지원사업,19,39,인천광역시,제한없음,제한없음,미취업자
53,(충남) 지역주도형 청년일자리 사업,18,39,충청남도,제한없음,제한없음,미취업자
54,청년인턴사업,19,34,경기도,제한없음,대학 재학,미취업자
55,NCS기반 능력중심 채용 및 공공/민간 블라인드 채용,0,100,전국,제한없음,제한없음,제한없음
56,오프라인 청년센터,15,39,전국,제한없음,제한없음,제한없음
57,청년친화강소기업,0,100,전국,제한없음,제한없음,제한없음
58,청년도전 지원사업,18,34,전국,제한없음,제한없음,미취업자
59,Hi(고졸청년취업지원)프로그램,15,34,전국,고교 졸업예정,제한없음,미취업자
59,Hi(고졸청년취업지원)프로그램,15,34,전국,고졸,제한없음,미취업자
60,서울시 일자리카페 운영,15,39,서울특별시,제한없음,제한없음,제한없음
61,2021년 부산시 공공근로사업,18,39,부산광역시,제한없음,제한없음,제한없음
62,청년고용지원사업,15,34,경상남도,고졸,제한없음,재직자
62,청년고용지원사업,15,34,경상남도,대학 졸업예정,제한없음,재직자
64,양천구 청년취업 프로그램 운영,15,34,서울특별시,고교 재학,제한없음,제한없음
65,부산시 지역주도형 청년일자리사업(마을기업),18,39,부산광역시,제한없음,제한없음,제한없음
66,청년취업 희망프로젝트,15,39,제주도,제한없음,제한없음,미취업자
67,청년 체인지업 프로젝트,18,34,전국,제한없음,제한없음,미취업자
68,청년 채용박람회 개최,0,100,경기도,제한없음,제한없음,미취업자
69,데이터 청년 캠퍼스(빅데이터 청년인재 양성 및 일자리 연계),0,100,전국,대학 졸업예정,제한없음,미취업자
69,데이터 청년 캠퍼스(빅데이터 청년인재 양성 및 일자리 연계),0,100,전국,대졸,제한없음,미취업자
70,고용친화기업 청년채용 지원사업,18,39,대구광역시,제한없음,제한없음,미취업자
71,전북형 청년내일채움공제 지원,15,34,전라북도,제한없음,제한없음,제한없음
72,지역상생 청년일자리사업,19,39,경상남도,제한없음,제한없음,미취업자
73,청년내일카드,18,39,충청남도,제한없음,제한없음,재직자
74,청년 활력 프로젝트,19,39,광주광역시,제한없음,제한없음,제한없음
75,대전일자리지원센터 운영,15,39,대전광역시,고교 재학,제한없음,미취업자
76,취업능력향상(행복오름) 프로그램 I,0,100,전국,제한없음,제한없음,미취업자
77,서구형 내일채움공제(신규),15,34,인천광역시,제한없음,제한없음,재직자
78,"지역인재육성사업(경남 평생학습형 일자리 지원사업, 인생코스별 전환 일자리 지원사업)",0,100,경상남도,제한없음,제한없음,제한없음
79,수원형 청년내일채움공제,0,34,경기도,제한없음,제한없음,미취업자
80,중소기업 정규직 프로젝트,19,39,경상북도,제한없음,제한없음,미취업자
81,청주시 일자리종합지원센터 운영,0,100,충청북도,제한없음,제한없음,제한없음
82,전북형 디지털 청년일자리 지원사업,18,39,전라북도,제한없음,제한없음,제한없음
83,제주시 지역주도형 청년일자리(수출기업 인력뱅크) 지원,18,39,제주도,제한없음,제한없음,미취업자
84,해외취업알선,0,100,전국,제한없음,제한없음,제한없음
85,디지털 청년일자리 육성 프로젝트,18,39,부산광역시,제한없음,제한없음,미취업자
86,대학생 국내인턴 사업,0,100,대구광역시,대학 재학,제한없음,미취업자
86,대학생 국내인턴 사업,0,100,대구광역시,대학 졸업예정,제한없음,미취업자
87,디지털 신기술 훈련(K-Digital training),0,75,전국,제한없음,제한없음,제한없음
88,(경남 창원시) 대학일자리센터 지원,15,34,경상남도,제한없음,제한없음,미취업자
89,청년해외취업 지원,18,34,부산광역시,제한없음,제한없음,미취업자
90,청년일자리 지역정착 지원사업,18,39,강원도,제한없음,제한없음,미취업자
91,SW마에스트로 과정(전문가 멘토링을 통한 최고급 SW인재 양성),0,100,전국,제한없음,제한없음,미취업자
92,"취업지원서비스(취업특강, 기업탐방단 등)",18,34,서울특별시,제한없음,제한없음,미취업자
93,파란일자리사업,18,39,부산광역시,제한없음,제한없음,미취업자
94,청년층 취업지원교육프로그램 운영,18,39,경기도,제한없음,제한없음,제한없음
95,동구 의료 클러스터 청년일자리 사업,0,39,대구광역시,제한없음,제한없음,미취업자
96,직업심리검사,0,100,전국,제한없음,제한없음,제한없음
97,한국 예술창작 아카데미,18,39,전국,제한없음,대학 재학,미취업자
98,미추홀구 제2단계 공공근로사업,18,39,인천광역시,제한없음,제한없음,미취업자
99,"(변경전)글로벌 청년리더 양성사업, (변경후)해외건설 현장훈련 지원사업",0,100,전국,제한없음,제한없음,재직자
100,청년지역일꾼 육성프로젝트,0,39,경상북도,제한없음,제한없음,미취업자
100,청년지역일꾼 육성프로젝트,0,39,경상북도,제한없음,제한없음,재직자
101,지역주도형 청년일자리,19,39,서울특별시,제한없음,제한없음,미취업자
103,(충북 충주시) 지역맞춤형 청년인력 양성,18,39,충청북도,고교 재학,제한없음,미취업자
103,(충북 충주시) 지역맞춤형 청년인력 양성,18,39,충청북도,대학 재학,제한없음,미취업자
104,고양 희망내일 공공일자리사업,18,100,경기도,제한없음,제한없음,미취업자
105,청년여성 일자리 및 창업지원(교육 등),18,100,경기도,제한없음,제한없음,제한없음
106,청년 취업성공 프로젝트,19,34,경기도,고졸,제한없음,미취업자
106,청년 취업성공 프로젝트,19,34,경기도,대졸,제한없음,미취업자
107,찾아가는 청년 희망 드림버스 운영,15,39,강원도,제한없음,제한없음,미취업자
108,청년인턴 사업,18,39,경기도,제한없음,제한없음,미취업자
109,국제기구 직업체험(청년인턴십) 프로그램 운영,0,100,인천광역시,대학 재학,제한없음,제한없음
109,국제기구 직업체험(청년인턴십) 프로그램 운영,0,100,인천광역시,대학 졸업예정,제한없음,제한없음
109,국제기구 직업체험(청년인턴십) 프로그램 운영,0,100,인천광역시,대졸,제한없음,제한없음
109,국제기구 직업체험(청년인턴십) 프로그램 운영,0,100,인천광역시,석·박사,제한없음,제한없음
110,"청춘디딤돌, 병역진로설계",18,100,전국,제한없음,제한없음,미취업자
111,취업률 향상 프로그램 운영지원,18,39,인천광역시,제한없음,제한없음,미취업자
112,2020년 지역주도형 청년 일자리 사업(1유형),19,39,광주광역시,제한없음,제한없음,미취업자
113,우수기업 청년채용지원사업,18,39,대전광역시,제한없음,제한없음,미취업자
114,청년전북 NEW-WAVE 지원사업,18,39,전라북도,대학 졸업예정,제한없음,제한없음
114,청년전북 NEW-WAVE 지원사업,18,39,전라북도,대졸,제한없음,제한없음
115,테크노파크,0,100,전국,제한없음,제한없음,제한없음
116,고용복지플러스센터,0,100,전국,제한없음,제한없음,제한없음
117,게임콘텐츠 청년일자리창출사업,18,39,대구광역시,제한없음,제한없음,제한없음
118,민간보조금 청년활동 지원사업,18,39,전라북도,제한없음,제한없음,제한없음
119,휴스타 연계(디지털·그린 뉴딜 전문인력) 채용지원사업,0,39,대구광역시,제한없음,제한없음,제한없음
120,CAP@(청년직업지도)프로그램,15,34,전국,제한없음,제한없음,미취업자
121,지역중소기업 R: 산업인턴지원,0,100,전국,대학생,제한없음,미취업자
122,공공근로 및 공공사회적 일자리사업,18,100,서울특별시,제한없음,제한없음,미취업자
123,청년 면접정장 무료대여사업,0,39,충청북도,제한없음,제한없음,제한없음
124,청년 일자리 카페 운영,18,39,울산광역시,제한없음,제한없음,제한없음
125,도시재생뉴딜 청년 인턴십 운영,18,34,부산광역시,제한없음,제한없음,제한없음
126,청년창업·청년취업 winwin 프로젝트,19,39,광주광역시,고교 졸업예정,제한없음,미취업자
126,청년창업·청년취업 winwin 프로젝트,19,39,광주광역시,고졸,제한없음,미취업자
126,청년창업·청년취업 winwin 프로젝트,19,39,광주광역시,대학 졸업예정,제한없음,미취업자
126,청년창업·청년취업 winwin 프로젝트,19,39,광주광역시,대졸,제한없음,미취업자
127,청년 1인 크리에이터 양성,0,100,경상남도,제한없음,제한없음,제한없음
128,금융교육,0,100,전국,대학 재학,제한없음,제한없음
129,청년예술가 일자리 창출 확대,0,100,서울특별시,제한없음,제한없음,제한없음
130,2021년 讀(독)한 청춘,18,34,부산광역시,제한없음,제한없음,제한없음
131,지역특화 청년특화 일자리무한도전,18,39,부산광역시,제한없음,제한없음,제한없음
132,전북형 내일채움공제,15,34,전라북도,제한없음,제한없음,재직자
133,청년 취업수당 지원,19,39,강원도,제한없음,제한없음,재직자
134,대전 일자리카페 꿈터(7개소),18,39,대전광역시,제한없음,제한없음,제한없음
135,강서구 일자리카페 운영,15,39,서울특별시,제한없음,제한없음,미취업자
136,청년학교,18,39,대구광역시,제한없음,제한없음,제한없음
137,청년취업멘토링,19,34,전국,제한없음,제한없음,제한없음
138,부산진구일자리센터 운영,18,39,부산광역시,제한없음,제한없음,제한없음
139,청년간호사 근속장려금 지원,0,100,강원도,제한없음,제한없음,재직자
140,청년과 중소기업이 상생하는 고용서비스 지원사업,19,39,인천광역시,제한없음,제한없음,미취업자
141,산하공공기관 청년인턴 채용사업,15,34,울산광역시,제한없음,제한없음,미취업자
142,4차 산업혁명 선도 인력 양성훈련,15,99,전국,제한없음,제한없음,제한없음
143,K-Move 스쿨,0,34,전국,제한없음,제한없음,미취업자
144,청년자립도전사업,18,39,부산광역시,제한없음,제한없음,제한없음
145,경남 사회적경제 청년부흥 프로젝트(직접),0,39,경상남도,제한없음,제한없음,미취업자
146,빅데이터 · AI 기반 산업 혁신인재 양성 및 고용사업,18,39,부산광역시,제한없음,제한없음,미취업자
147,청년귀농 장기교육,20,40,전국,제한없음,제한없음,제한없음
148,해외취업아카데미,0,100,전국,제한없음,제한없음,제한없음
149,2021년 하계 아르바이트 대학생 운영,19,100,인천광역시,고교 재학,제한없음,제한없음
149,2021년 하계 아르바이트 대학생 운영,19,100,인천광역시,고교 졸업예정,제한없음,제한없음
149,2021년 하계 아르바이트 대학생 운영,19,100,인천광역시,대학생,제한없음,제한없음
149,2021년 하계 아르바이트 대학생 운영,19,100,인천광역시,대학 졸업예정,제한없음,제한없음
150,글로벌 청년취업 지원,0,34,광주광역시,대학 졸업예정,제한없음,제한없음
150,글로벌 청년취업 지원,0,34,광주광역시,대졸,제한없음,제한없음
151,1사-1청년 더 채용 지원,15,39,경상북도,제한없음,제한없음,미취업자
152,청년스테이션 운영,19,34,경기도,제한없음,제한없음,제한없음
153,청년 취업 지원 프로그램 운영사업,19,39,충청남도,제한없음,제한없음,제한없음
154,일자리 call센터 운영,18,39,부산광역시,제한없음,제한없음,제한없음
155,취업특강,0,100,전국,제한없음,제한없음,제한없음
156,청주청년잡고(JOB GO) 청년일자리 지원사업,19,39,충청북도,제한없음,제한없음,미취업자
156,청주청년잡고(JOB GO) 청년일자리 지원사업,19,39,충청북도,제한없음,제한없음,재직자
157,제주시 청장년일자리지원 프로그램,19,100,제주도,제한없음,제한없음,제한없음
158,2021년 하반기 공공근로사업,18,34,부산광역시,제한없음,제한없음,미취업자
159,부산시 지역주도형 청년일자리사업(사회적경제 활성화),18,39,부산광역시,제한없음,제한없음,제한없음
160,항공분야취업지원,0,100,전국,제한없음,제한없음,미취업자
161,해외인턴사업(글로벌 현장학습 프로그램),0,100,전국,대학생,제한없음,미취업자
161,해외인턴사업(글로벌 현장학습 프로그램),0,100,전국,대학 졸업예정,제한없음,미취업자
161,해외인턴사업(글로벌 현장학습 프로그램),0,100,전국,대졸,제한없음,미취업자
162,부산지역 항공인턴십 지원 사업,18,34,부산광역시,대학 재학,제한없음,미취업자
163,세종시시 사회복지 청년일자리 지원사업,18,39,세종시,제한없음,제한없음,미취업자
164,청년뜨락5959 운영,19,39,충청북도,제한없음,제한없음,제한없음
165,한상 청년채용 인턴십,0,34,전국,대학 졸업예정,제한없음,제한없음
165,한상 청년채용 인턴십,0,34,전국,대졸,제한없음,제한없음
166,문화콘텐츠 전문인력 양성 및 취업지원,18,39,인천광역시,제한없음,제한없음,미취업자
167,지역기업-청년 희망이음 프로젝트,15,34,전국,대학 재학,제한없음,미취업자
167,지역기업-청년 희망이음 프로젝트,15,34,전국,대학원생,제한없음,미취업자
168,청년D프로젝트,18,34,광주광역시,제한없음,제한없음,제한없음
169,전문크리에이터 양성 프로젝트,19,39,서울특별시,제한없음,제한없음,미취업자
170,부산청년귀환 및 경력직 일자리 매칭 사업,18,39,부산광역시,제한없음,제한없음,미취업자
171,여성새로일하기센터,0,100,전국,제한없음,제한없음,제한없음
172,청년 역량개발 교육,18,34,대전광역시,제한없음,제한없음,제한없음
173,"경남청년 장인(匠人, Master) 프로젝트",18,39,경상남도,제한없음,제한없음,미취업자
174,자격증 취득수당 지원,19,39,강원도,제한없음,제한없음,제한없음
175,4차 산업 인재육성 직업훈련,0,34,경기도,제한없음,제한없음,제한없음
176,"월드프렌즈(World Friends Korea, WFK)  - 일반봉사단",19,99,전국,제한없음,제한없음,미취업자
177,청년공간 경기도,15,39,경기도,제한없음,제한없음,제한없음
178,지역기업 청년 희망이음 지원,15,39,경상북도,대학 재학,제한없음,미취업자
178,지역기업 청년 희망이음 지원,15,39,경상북도,대학 졸업예정,제한없음,미취업자
178,지역기업 청년 희망이음 지원,15,39,경상북도,대졸,제한없음,미취업자
178,지역기업 청년 희망이음 지원,15,39,경상북도,석·박사,제한없음,미취업자
179,청년up 클라우드,19,34,경기도,제한없음,제한없음,제한없음
180,충북청년 공공기관 한자리愛,15,39,충청북도,제한없음,제한없음,미취업자
181,목포시 청년일자리통합센터,0,100,전라남도,제한없음,제한없음,제한없음
182,뉴딜일자리,18,100,서울특별시,제한없음,제한없음,미취업자
183,청년고용 우수기업 근로환경개선 지원,15,39,인천광역시,제한없음,제한없음,제한없음
184,고졸청년-중소기업 디지털 Pre-허그 사업,18,29,대구광역시,고교 졸업예정,제한없음,미취업자
184,고졸청년-중소기업 디지털 Pre-허그 사업,18,29,대구광역시,고졸,제한없음,미취업자
185,청년 면접합격 응원세트,19,39,경기도,제한없음,제한없음,제한없음
186,일자리센터 취업프로그램 운영지원(AI 면접지원 패키지),18,39,경기도,제한없음,제한없음,미취업자
187,청년 두드림공간 운영,19,100,경기도,제한없음,제한없음,제한없음
188,국가우수장학금(이공계),0,100,전국,4년제 대학 재학,제한없음,제한없음
189,지역맞춤형일자리창출지원,0,100,광주광역시,제한없음,제한없음,제한없음
190,청년 중소기업 체험 사업,15,34,서울특별시,고교 재학,제한없음,제한없음
190,청년 중소기업 체험 사업,15,34,서울특별시,대학 재학,제한없음,제한없음
190,청년 중소기업 체험 사업,15,34,서울특별시,대학 졸업예정,제한없음,제한없음
190,청년 중소기업 체험 사업,15,34,서울특별시,대졸,제한없음,제한없음
191,포항형 내일채움공제 지원사업,18,34,경상북도,제한없음,제한없음,재직자
192,공공기관 청년고용의무제 강화,15,34,전국,제한없음,제한없음,미취업자
193,경남형 스마트 일자리 전문인력 양성,0,39,경상남도,제한없음,제한없음,미취업자
194,청년기능인력 취업지원사업,18,39,충청북도,제한없음,제한없음,미취업자
195,전주형 일자리지원센터 운영,0,100,전라북도,제한없음,제한없음,제한없음
196,국가기간ㆍ전략산업직종훈련,15,99,전국,고교 졸업예정,제한없음,제한없음
196,국가기간ㆍ전략산업직종훈련,15,99,전국,대학 졸업예정,제한없음,제한없음
197,부산시 직업능력개발 훈련사업,18,100,부산광역시,제한없음,제한없음,미취업자
198,청년두드림센터 운영,18,39,부산광역시,제한없음,제한없음,제한없음
199,KF 글로벌 챌린저(청년 해외진출 활성화),0,39,전국,대학원생,제한없음,제한없음
199,KF 글로벌 챌린저(청년 해외진출 활성화),0,39,전국,대졸,제한없음,제한없음
199,KF 글로벌 챌린저(청년 해외진출 활성화),0,39,전국,석·박사,제한없음,제한없음
200,군 장병 취업지원사업,18,99,전국,제한없음,제한없음,제한없음
201,청년캣취업(Cat cheer-up) 사관학교,18,39,경기도,제한없음,제한없음,미취업자
202,진주시일자리지원센터,0,100,경상남도,제한없음,제한없음,미취업자
203,지역중소기업 맞춤형 인력 양성 사업,0,34,충청남도,고졸,제한없음,미취업자
203,지역중소기업 맞춤형 인력 양성 사업,0,34,충청남도,대졸,제한없음,미취업자
204,(서울 강남구)중소기업 청년 인턴 운영,15,34,서울특별시,제한없음,제한없음,미취업자
205,관악구 일자리카페,15,39,서울특별시,제한없음,제한없음,제한없음
206,allA(청년진로역량강화)프로그램,15,34,전국,제한없음,제한없음,미취업자
207,제주 청년 갭이어(Gap year) 체험 사업,19,34,제주도,제한없음,제한없음,제한없음
208,지역별 서울청년센터 설치 운영,19,39,서울특별시,제한없음,제한없음,제한없음
209,대학일자리센터지원,0,100,경상북도,대학 재학,제한없음,미취업자
209,대학일자리센터지원,0,100,경상북도,대학 졸업예정,제한없음,미취업자
210,전북형 청년취업지원사업,18,39,전라북도,제한없음,제한없음,제한없음
211,청년일자리플랫폼 구축 운영,0,100,경상남도,제한없음,제한없음,제한없음
212,센텀 혁신 일자리 지원사업 (지역주도형 청년일자리 사업),18,39,부산광역시,제한없음,제한없음,제한없음
213,청년 면접정장 무료대여,19,34,경상남도,제한없음,제한없음,미취업자
214,2021년 공공근로 사업,18,39,부산광역시,제한없음,제한없음,미취업자
215,경력단절여성 취업지원프로그램,0,100,전국,제한없음,제한없음,미취업자
216,수성구 청년 해외취업 지원 사업,19,39,대구광역시,제한없음,제한없음,미취업자
217,공무원 시험 준비반 운영,0,100,강원도,제한없음,제한없음,제한없음
218,청년소모임활동지원사업,18,34,대전광역시,제한없음,제한없음,제한없음
219,청년 해외진출 멘토링,0,100,전국,제한없음,제한없음,제한없음
220,대학생 아르바이트 사업,0,29,경기도,대학 재학,제한없음,제한없음
221,한국형 온라인 공개강좌(K-MOOC),0,100,전국,제한없음,제한없음,제한없음
222,동구 청년 드림빌리지 조성사업,0,39,대구광역시,제한없음,제한없음,미취업자
223,"KOICA 해외사무소,재외공관 영프로페셔널",19,34,전국,고졸,제한없음,미취업자
224,인천청년공간 유유기지 운영,18,39,인천광역시,제한없음,제한없음,제한없음
225,취업능력향상(행복오름) 프로그램 II,0,100,전국,제한없음,제한없음,미취업자
226,중소기업탐방 프로그램,15,34,전국,제한없음,제한없음,미취업자
227,전북형 청년취업 지원사업,18,39,전라북도,제한없음,제한없음,미취업자
228,세종시시 스타트업 청년일자리 지원사업,18,39,세종시,제한없음,제한없음,미취업자
229,대학생 직무인턴,0,100,전라북도,대학생,제한없음,제한없음
229,대학생 직무인턴,0,100,전라북도,대학 졸업예정,제한없음,제한없음
229,대학생 직무인턴,0,100,전라북도,대졸,제한없음,제한없음
229,대학생 직무인턴,0,100,전라북도,석·박사,제한없음,제한없음
230,청년 일자리카페 운영,18,39,전라남도,제한없음,제한없음,미취업자
231,청년날개 사업,18,39,경기도,고교 졸업예정,제한없음,미취업자
231,청년날개 사업,18,39,경기도,고졸,제한없음,미취업자
231,청년날개 사업,18,39,경기도,대학 졸업예정,제한없음,미취업자
231,청년날개 사업,18,39,경기도,대졸,제한없음,미취업자
232,충남 희망이음 프로젝트,18,39,충청남도,제한없음,제한없음,미취업자
233,항공정비인력양성채용,0,100,전국,제한없음,제한없음,미취업자
234,이노베이션 아카데미,0,100,전국,제한없음,제한없음,미취업자
235,대구청년학교 딴길2,19,39,대구광역시,제한없음,제한없음,제한없음
236,찾아가는 청년층 직업지도 프로그램,18,34,인천광역시,제한없음,제한없음,제한없음
237,광주시 대학일자리센터 운영지원,0,100,광주광역시,제한없음,제한없음,미취업자
238,단기집단상담프로그램,0,100,전국,제한없음,제한없음,미취업자
239,대학일자리 센터 운영 지원,18,39,인천광역시,제한없음,제한없음,미취업자
240,청년 중장기복무 제대군인 전직서비스 지원,20,39,전국,제한없음,제한없음,제한없음
241,스마트농업 전문가 육성,0,100,전국,대학 졸업예정,제한없음,제한없음
241,스마트농업 전문가 육성,0,100,전국,대졸,제한없음,제한없음
242,스마트공장 구축기업 청년체험단 운영,0,34,전국,제한없음,제한없음,미취업자
243,1인 미디어 콘텐츠 산업 육성사업,19,39,경상북도,제한없음,제한없음,제한없음
244,청년예술가 육성 지원,0,35,대구광역시,제한없음,제한없음,제한없음
245,기업대학,0,100,전국,제한없음,제한없음,제한없음
246,청년 프로그래밍 교육사업,19,34,경상남도,제한없음,제한없음,제한없음
247,중소기업 청년인턴 사업,19,39,울산광역시,고교 졸업예정,제한없음,미취업자
247,중소기업 청년인턴 사업,19,39,울산광역시,고졸,제한없음,미취업자
247,중소기업 청년인턴 사업,19,39,울산광역시,대학 졸업예정,제한없음,미취업자
247,중소기업 청년인턴 사업,19,39,울산광역시,대졸,제한없음,미취업자
248,(서울 구로구)지역주도형 청년일자리 사업(지주형),18,39,서울특별시,제한없음,제한없음,미취업자
249,문화예술교육사 인턴십 지원,0,100,전라북도,제한없음,제한없음,제한없음
251,"청년 직무역량 교육(청년 온라인 취업특강자 집중 컨설팅, 내일(꿈)을 job아, 사무 및 회계실무자 양성과정, 현직자 멘토링 취업프로그램, 특성화고 맞춤 취업지원사업, NCS채용 대비 취업특강)",0,100,경기도,제한없음,제한없음,제한없음
252,청년일자리 공공근로 사업,18,39,부산광역시,제한없음,제한없음,미취업자
253,사회적경제조직 청년일자리사업,19,39,경기도,제한없음,제한없음,미취업자
254,무역 IT&패션의류 무역마스터 전문가 양성 사업,18,34,서울특별시,대학 졸업예정,제한없음,미취업자
254,무역 IT&패션의류 무역마스터 전문가 양성 사업,18,34,서울특별시,대졸,제한없음,미취업자
255,청년 꿈이룸프로젝트,18,39,경기도,제한없음,제한없음,미취업자
256,연수구 1인 방송 인큐베이션 센터 운영,19,39,인천광역시,제한없음,제한없음,미취업자
257,"월드프렌즈(World Friends Korea, WFK) 해외봉사단 - 청년 중기봉사단",19,39,전국,대학생,제한없음,제한없음
257,"월드프렌즈(World Friends Korea, WFK) 해외봉사단 - 청년 중기봉사단",19,39,전국,대학 졸업예정,제한없음,제한없음
257,"월드프렌즈(World Friends Korea, WFK) 해외봉사단 - 청년 중기봉사단",19,39,전국,대졸,제한없음,제한없음
257,"월드프렌즈(World Friends Korea, WFK) 해외봉사단 - 청년 중기봉사단",19,39,전국,대학원생,제한없음,제한없음
258,청년드림 마포캠프,18,39,서울특별시,제한없음,제한없음,미취업자
259,청년 실무형 지역인재 양성사업,19,39,인천광역시,제한없음,제한없음,미취업자
260,사회적경제기업 청년지원사업,19,39,울산광역시,제한없음,제한없음,미취업자
261,청년 응원기업 상생사업,19,39,대구광역시,제한없음,제한없음,미취업자
262,남구 일자리 정보센터 운영,0,100,부산광역시,제한없음,제한없음,미취업자
263,우량기업 인턴십 프로그램,19,34,제주도,대학 재학,제한없음,제한없음
263,우량기업 인턴십 프로그램,19,34,제주도,대학 졸업예정,제한없음,제한없음
263,우량기업 인턴십 프로그램,19,34,제주도,대졸,제한없음,제한없음
264,우수스타트업 일자리 지원,18,39,강원도,제한없음,제한없음,제한없음
265,희망드림취업지원센터 운영,0,100,경상남도,제한없음,제한없음,미취업자
266,취업준비 마스터 과정 운영,18,39,부산광역시,고교 재학,제한없음,미취업자
266,취업준비 마스터 과정 운영,18,39,부산광역시,고교 졸업예정,제한없음,미취업자
266,취업준비 마스터 과정 운영,18,39,부산광역시,대학 재학,제한없음,미취업자
266,취업준비 마스터 과정 운영,18,39,부산광역시,대학 졸업예정,제한없음,미취업자
267,청년예술인 발굴 지원,19,34,경상남도,제한없음,제한없음,제한없음
268,일자리 공감페이(Pay) 지원사업,18,39,경상북도,제한없음,제한없음,미취업자
269,청년 일자리카페 운영,19,34,경기도,제한없음,제한없음,미취업자
270,채용박람회,19,39,대전광역시,제한없음,제한없음,제한없음
271,일자리종합센터 취업지원 프로그램,0,100,충청남도,제한없음,제한없음,제한없음
272,ICT 석박사 인재의 핵심 기술관련 R 역량 강화,0,100,전국,대학원생,제한없음,미취업자
273,청년다락 운영,19,39,제주도,제한없음,제한없음,제한없음
274,충북인재 지역안착 프로젝트,20,39,충청북도,제한없음,제한없음,미취업자
275,민간취업연계 뉴딜일자리 발굴확대,18,100,서울특별시,제한없음,제한없음,미취업자
276,학사학위 취득지원,0,100,경상북도,고졸,제한없음,제한없음
277,청년희망캐스팅,18,39,부산광역시,제한없음,제한없음,미취업자
278,청년 gogo온라인 취업멘토링,19,49,대전광역시,제한없음,제한없음,미취업자
279,산업계 주도 청년 맞춤형 훈련,0,100,전국,제한없음,제한없음,미취업자
279,산업계 주도 청년 맞춤형 훈련,0,100,전국,제한없음,제한없음,재직자
280,대학일자리센터 지원,0,100,강원도,대학 재학,제한없음,제한없음
281,(경상남도) 대학일자리센터 운영,0,100,경상남도,제한없음,제한없음,미취업자
282,경기도 해운물류 인력양성 지원,0,100,경기도,대학 졸업예정,제한없음,미취업자
282,경기도 해운물류 인력양성 지원,0,100,경기도,대졸,제한없음,미취업자
283,청년과 기업의 희망브리지 사업,16,39,대구광역시,고교 재학,제한없음,미취업자
283,청년과 기업의 희망브리지 사업,16,39,대구광역시,대학 재학,제한없음,미취업자
284,스마트시티 혁신인재육성,0,100,전국,대졸,제한없음,제한없음
284,스마트시티 혁신인재육성,0,100,전국,대학 졸업예정,제한없음,제한없음
285,청년 직장체험 프로그램 운영,18,34,서울특별시,대학 졸업예정,제한없음,미취업자
285,청년 직장체험 프로그램 운영,18,34,서울특별시,대졸,제한없음,미취업자
286,청춘센터 운영,15,39,경상북도,제한없음,제한없음,제한없음
287,지역산업맞춤형 인력양성사업,0,100,전국,제한없음,제한없음,제한없음
288,글로벌 인재양성지원 사업,0,100,전국,대학원생,제한없음,미취업자
289,"WFK-청년봉사단(The Pacific Asia Society, PAS)",0,100,전국,대학 재학,제한없음,제한없음
290,디지털디자인 융합인력 청년일자리 창출사업,18,39,대구광역시,대학 졸업예정,제한없음,미취업자
290,디지털디자인 융합인력 청년일자리 창출사업,18,39,대구광역시,대졸,제한없음,미취업자
291,서구일자리센터 잡카페 「청춘발산공작소」운영,0,100,광주광역시,제한없음,제한없음,제한없음
292,남구 드림피아 청년고용 창출사업,18,39,대구광역시,제한없음,제한없음,제한없음
293,맞춤평 평생학습 프로그램 운영,19,34,대전광역시,제한없음,제한없음,제한없음
294,벤처 청년+ 지원사업,0,39,대구광역시,제한없음,제한없음,미취업자
295,진로심리 상담센터 운영지원,18,39,인천광역시,제한없음,제한없음,미취업자
296,청년 취업날개 코디네이터,15,39,경상북도,제한없음,제한없음,미취업자
297,청년일드림사업,18,39,경기도,제한없음,고교 재학,미취업자
297,청년일드림사업,18,39,경기도,제한없음,대학 재학,미취업자
297,청년일드림사업,18,39,경기도,제한없음,대학원 재학,미취업자
298,Dalseo 해외취업 온라인 컨설팅,0,100,대구광역시,제한없음,제한없음,제한없음
299,대학생 멘토링,19,35,서울특별시,대학 재학,제한없음,제한없음
300,경남 상생공제,18,34,경상남도,제한없음,제한없음,재직자
301,MICE 아카데미 운영,0,100,울산광역시,제한없음,제한없음,제한없음
302,충남 일자리종합센터 운영,0,100,충청남도,제한없음,제한없음,제한없음
303,관광전문인력 양성,18,40,전국,제한없음,제한없음,미취업자
303,관광전문인력 양성,18,40,전국,제한없음,제한없음,재직자
304,청년창업농(청년창업형 후계농) 및 영농정착 지원사업,18,39,전국,제한없음,제한없음,제한없음
305,차세대보안리더(BoB),0,100,전국,제한없음,제한없음,미취업자
306,지역정착 청년 근로자 인센티브 지원사업,18,34,충청북도,제한없음,제한없음,재직자
307,인천 마이스업체 청년 인턴십 운영,0,39,인천광역시,제한없음,제한없음,미취업자
308,국제기구 진출 설명회 개최,0,100,서울특별시,제한없음,제한없음,제한없음
309,생활체육지도자 활동 지원,19,60,전국,제한없음,제한없음,미취업자
310,도시재생 전문인력 양성사업 지원,0,100,광주광역시,제한없음,제한없음,제한없음
311,인천콘텐츠코리아랩 운영,0,100,인천광역시,제한없음,제한없음,제한없음
312,수원시 대.소규모 일자리 박람회,0,100,경기도,제한없음,제한없음,제한없음
313,기업인력애로센터 활용 청년취업 지원,0,34,전국,제한없음,제한없음,미취업자
314,취업역량강화 프로그램 운영,18,39,경기도,제한없음,제한없음,제한없음
315,경남 사회적경제 청년부흥 프로젝트(지원),0,39,경상남도,제한없음,제한없음,미취업자
316,2021년 해운대형 지역공동체 문화일자리사업,18,39,부산광역시,제한없음,제한없음,미취업자
317,문화돌봄 문화예술교육 강사 일자리 창출,0,100,서울특별시,제한없음,제한없음,제한없음
318,찾아가는 청년희망버스,0,100,전라남도,제한없음,제한없음,제한없음
319,해외일자리 컨설팅 사업,19,39,대전광역시,제한없음,제한없음,제한없음
320,산업기능요원 편입,18,100,전국,제한없음,제한없음,미취업자
321,"KOICA 다자협력전문가(KOICA Cooperation officer, KMCO)",20,99,전국,제한없음,제한없음,제한없음
322,경북형 대학일자리센터지원,0,100,경상북도,대학 재학,제한없음,미취업자
322,경북형 대학일자리센터지원,0,100,경상북도,대학 졸업예정,제한없음,미취업자
323,특성화고생 지역정착 활성화 취업지원,18,39,충청남도,고교 졸업예정,제한없음,미취업자
323,특성화고생 지역정착 활성화 취업지원,18,39,충청남도,고졸,제한없음,미취업자
324,청소년 근로권익센터,15,100,전국,제한없음,제한없음,제한없음
325,진주시 4차 산업혁명 청년 스마트 교육사업,18,39,경상남도,제한없음,제한없음,제한없음
326,"거제청년 일, 잠자리 도움사업",18,39,경상남도,제한없음,제한없음,미취업자
327,충북청년희망센터 운영,20,39,충청북도,제한없음,제한없음,제한없음
328,일드림센터 청년 취창업 훈련 프로그램 운영,18,39,경기도,제한없음,제한없음,제한없음
329,청년미디어타워 운영,18,39,인천광역시,제한없음,제한없음,미취업자
330,대학 진로탐색학점제 확산 지원,0,100,전국,대학생,제한없음,미취업자
331,청년 소셜리빙랩,19,39,대구광역시,제한없음,제한없음,제한없음
332,맞춤형 취업박람회 개최,0,100,서울특별시,제한없음,제한없음,제한없음
333,대졸 청년 방위산업 분야 전문교육 제공,0,34,전국,대졸,제한없음,미취업자
333,대졸 청년 방위산업 분야 전문교육 제공,0,34,전국,대학 졸업예정,제한없음,미취업자
334,농식품 청년 해외개척단(AFLO),1,34,전국,제한없음,제한없음,미취업자
335,세종시시 중소기업 청년일자리 지원사업,18,39,세종시,제한없음,제한없음,미취업자
336,횡성형 청년일자리(전입근로수당.정착지원금) 사업,18,55,강원도,제한없음,제한없음,제한없음
337,청년 아이디어 공모사업(꿈을 잡고 프로젝트),18,34,대전광역시,제한없음,제한없음,제한없음
338,군 장병 자기개발 지원,18,99,전국,제한없음,제한없음,제한없음
339,다담은펫샵,18,39,부산광역시,제한없음,제한없음,미취업자
340,노원형 청년 일자리사업(지역주도형 청년일자리사업),19,39,서울특별시,제한없음,제한없음,제한없음
341,대학생 중소기업인턴십 지원,0,100,울산광역시,대학 재학,제한없음,제한없음
342,청년 면접정장 대여사업,18,39,울산광역시,제한없음,제한없음,제한없음
343,국가인적자원개발 컨소시엄,0,100,전국,제한없음,제한없음,재직자
344,청년해냄센터 운영,18,39,경기도,제한없음,제한없음,미취업자
345,김해 취업발전소 운영,15,64,경상남도,제한없음,제한없음,제한없음
346,농업법인 취업지원사업,18,39,전국,제한없음,제한없음,미취업자
347,마을기업 청년일자리 사업,19,39,인천광역시,제한없음,제한없음,미취업자
348,2021년도 마을기업 청년취업 지원사업,18,39,광주광역시,제한없음,제한없음,미취업자
350,중소기업 신규경력직 채용 건강검진비 지원사업,0,100,경상북도,중졸,제한없음,제한없음
350,중소기업 신규경력직 채용 건강검진비 지원사업,0,100,경상북도,고졸,제한없음,제한없음
350,중소기업 신규경력직 채용 건강검진비 지원사업,0,100,경상북도,대졸,제한없음,제한없음
351,전북일자리종합센터 운영,0,100,전라북도,제한없음,제한없음,제한없음
352,지역산업맞춤형 일자리창출 지원사업 영종일자리프로젝트 추진,20,100,인천광역시,제한없음,제한없음,제한없음
353,지역주도형 청년일자리 사업 추진,0,39,부산광역시,제한없음,제한없음,미취업자
354,청년 맞춤형 인재양성 프로그램 지원사업,19,39,부산광역시,제한없음,제한없음,제한없음
355,청년 취·창업 아카데미 운영,19,39,서울특별시,제한없음,제한없음,제한없음
356,K-Shield 주니어,0,100,전국,제한없음,제한없음,미취업자
357,청년4-H 농업아카데미,18,39,강원도,제한없음,제한없음,제한없음
358,경남형 트랙사업,0,100,경상남도,고교 졸업예정,제한없음,미취업자
358,경남형 트랙사업,0,100,경상남도,고졸,제한없음,미취업자
358,경남형 트랙사업,0,100,경상남도,대학 졸업예정,제한없음,미취업자
358,경남형 트랙사업,0,100,경상남도,대졸,제한없음,미취업자
359,청년활동공간 운영,19,39,대전광역시,제한없음,제한없음,제한없음
360,ICT학점연계프로젝트 인턴십,0,100,전국,대학생,제한없음,미취업자
361,대경혁신인재양성프로젝트(HuStar)_혁신아카데미,0,33,대구광역시,대학 졸업예정,제한없음,미취업자
361,대경혁신인재양성프로젝트(HuStar)_혁신아카데미,0,33,대구광역시,대졸,제한없음,미취업자
362,면접정장무료대여사업,18,39,울산광역시,제한없음,제한없음,제한없음
363,청년 창업 지원사업,19,39,강원도,제한없음,제한없음,미취업자
364,청년 Dream 취업박람회,18,34,제주도,제한없음,제한없음,제한없음
365,언택트산업 청년일자리 육성,18,39,부산광역시,제한없음,제한없음,미취업자
366,청년드림 관악캠프,19,39,서울특별시,제한없음,제한없음,제한없음
368,취업콘서트사업,0,100,대구광역시,제한없음,제한없음,미취업자
369,청년쉼표교실 운영,19,39,서울특별시,제한없음,제한없음,제한없음
370,국민체력100사업 대학생 기자단 운영,0,100,부산광역시,제한없음,제한없음,제한없음
371,전문직업상담사 취업지원프로그램 운영,0,100,제주도,제한없음,제한없음,제한없음
372,청년드림캐스팅,18,39,부산광역시,제한없음,제한없음,미취업자
373,마포청년나루 운영,18,39,서울특별시,제한없음,제한없음,제한없음
374,대학생 혁신도시 이전공공기관 탐방,0,100,광주광역시,대학 재학,제한없음,제한없음
375,인공지능대학원지원,0,100,광주광역시,대졸,제한없음,제한없음
375,인공지능대학원지원,0,100,광주광역시,석·박사,제한없음,제한없음
376,WFK-KOICA UNV 대학생봉사단,18,29,전국,대학생,제한없음,제한없음
376,WFK-KOICA UNV 대학생봉사단,18,29,전국,대학원생,제한없음,제한없음
376,WFK-KOICA UNV 대학생봉사단,18,29,전국,대학 졸업예정,제한없음,제한없음
376,WFK-KOICA UNV 대학생봉사단,18,29,전국,대학원 졸업예정,제한없음,제한없음
377,AI실무자 양성사업,18,39,부산광역시,제한없음,제한없음,미취업자
378,경력단절예방 지원 강화,15,100,경상북도,제한없음,제한없음,미취업자
378,경력단절예방 지원 강화,15,100,경상북도,제한없음,제한없음,재직자
379,대학일자리센터 지원사업,0,100,제주도,제한없음,제한없음,제한없음
380,청년 취업해Dream 사업,19,39,서울특별시,제한없음,제한없음,미취업자
381,일자리카페 설치 및 운영,18,39,서울특별시,제한없음,제한없음,미취업자
382,관내 대학 졸업생 고용장려금 지급,0,100,충청북도,대학 졸업예정,제한없음,미취업자
382,관내 대학 졸업생 고용장려금 지급,0,100,충청북도,대졸,제한없음,미취업자
383,문화기반 청년 활동가 지원 사업,18,39,세종시,제한없음,제한없음,미취업자
384,2021년 대학생 아르바이트,0,100,제주도,대학 재학,제한없음,제한없음
384,2021년 대학생 아르바이트,0,100,제주도,대학 졸업예정,제한없음,제한없음
385,전북 청년내일채움공제,15,34,전라북도,제한없음,제한없음,재직자
386,WFK-청년봉사단(한국대학사회봉사협의회),0,100,전국,대학생,대학 졸업예정,제한없음
387,청년 핸드메이커 양성사업 (지역주도형 청년일자리 사업),18,39,부산광역시,제한없음,제한없음,제한없음
388,충북 청년여성 일자리플랫폼,0,39,충청북도,제한없음,제한없음,미취업자
389,청년 문화관광해설사 양성사업,25,39,대구광역시,제한없음,제한없음,제한없음
390,문화예술교육사 현장 역량강화 사업,0,100,강원도,제한없음,제한없음,제한없음
391,시흥 디지털 청년 Job-go,0,39,경기도,제한없음,제한없음,미취업자
392,스마트공장 IT 전문인력 양성사업,0,39,경상남도,제한없음,제한없음,미취업자
393,경남 중소기업 청년활력사업,18,39,경상남도,제한없음,제한없음,미취업자
394,지역 특화 청년무역전문가 양성사업,0,100,경기도,대학 재학,제한없음,미취업자
395,청년문화예술기획자 양성학교 운영,19,39,광주광역시,제한없음,제한없음,제한없음
396,세종시시 디지털 분야 일경험 청년일자리 지원사업,18,39,세종시,제한없음,제한없음,미취업자
397,경주시 청년센터 조성,15,39,경상북도,제한없음,제한없음,제한없음
399,디지털 인재육성 취업촉진 지원,18,39,광주광역시,제한없음,제한없음,제한없음
400,취업훈련기관 청년 수료생 취업지원,18,39,부산광역시,제한없음,제한없음,제한없음
401,"신진연구자 기초연구비 지원(신진연구, 생애첫연구)",0,39,전국,박사학위,제한없음,재직자
402,구군 자원봉사센터 청년실업해소 유급실무자 채용,18,34,부산광역시,제한없음,제한없음,제한없음
403,개발협력코디네이터,19,34,전국,대졸,제한없음,미취업자
404,대경혁신인재양성프로젝트(HuStar)_혁신대학,0,100,대구광역시,대학 재학,제한없음,제한없음
405,공공도서관 개관시간 연장사업,0,100,경상남도,제한없음,제한없음,제한없음
406,청년 소상공인 창업자금 지원,0,39,충청남도,제한없음,제한없음,재직자
407,청년 면접정장 무료대여 사업,18,39,충청남도,제한없음,제한없음,제한없음
408,청년창조발전소(고고씽 JOB) 운영,19,39,부산광역시,제한없음,제한없음,제한없음
409,지역주도형 청년일자리사업 포스트코로나 대응 디지털 G.T.S 프로젝트,19,39,부산광역시,대학생,제한없음,미취업자
409,지역주도형 청년일자리사업 포스트코로나 대응 디지털 G.T.S 프로젝트,19,39,부산광역시,대학원생,제한없음,미취업자
410,해운항만산업 청년일자리 지원사업,18,39,부산광역시,제한없음,제한없음,미취업자
411,특성화고 학생을 위한 취업지원,19,39,서울특별시,대학 재학,제한없음,제한없음
412,"WFK-ICT 봉사단(Korea ICT Volunteersk, KIV)",18,99,전국,대학 재학,제한없음,제한없음
412,"WFK-ICT 봉사단(Korea ICT Volunteersk, KIV)",18,99,전국,대학 졸업예정,제한없음,제한없음
413,(세종시시) 청년사회서비스사업단,19,34,세종시,대학 졸업예정,제한없음,미취업자
413,(세종시시) 청년사회서비스사업단,19,34,세종시,대졸,제한없음,미취업자
414,노량진 청년일자리센터,15,39,서울특별시,제한없음,제한없음,제한없음
415,서울청년센터 은평 오랑 운영,19,39,서울특별시,제한없음,제한없음,제한없음
416,영도구형 공공근로 청년일자리사업,18,39,부산광역시,제한없음,제한없음,미취업자
417,청년 취창업 아카데미,18,39,강원도,제한없음,제한없음,미취업자
417,청년 취창업 아카데미,18,39,강원도,제한없음,제한없음,재직자
418,대학생 행정체험단 운영,19,100,서울특별시,대학 재학,제한없음,미취업자
419,디지털 튜터 지원사원,19,39,서울특별시,제한없음,제한없음,제한없음
420,청년 취업홈런옷장,18,39,경기도,제한없음,제한없음,미취업자
421,여성 취·창업 박람회 개최,0,100,경상남도,제한없음,제한없음,미취업자
422,청년 일자리플랫폼 구축,19,29,경기도,제한없음,제한없음,제한없음
423,자활근로사업청년자립도전사업단,18,39,인천광역시,제한없음,제한없음,제한없음
424,청년문화특화거리 활성화,19,39,대구광역시,제한없음,제한없음,제한없음
425,청년창조스튜디오 공간 조성,18,39,부산광역시,제한없음,제한없음,제한없음
426,해외농업기술개발지원(글로벌농업인재 양성),18,34,전국,대학 졸업예정,제한없음,제한없음
426,해외농업기술개발지원(글로벌농업인재 양성),18,34,전국,대졸,제한없음,제한없음
426,해외농업기술개발지원(글로벌농업인재 양성),18,34,전국,대학생,제한없음,제한없음
427,(영등포구)서울시 일자리카페,19,39,서울특별시,제한없음,제한없음,제한없음
428,안양시 장학생 교류 프로그램,19,30,경기도,제한없음,제한없음,미취업자
429,청해진대학 지원사업,0,34,대구광역시,대학 재학,제한없음,제한없음
429,청해진대학 지원사업,0,34,대구광역시,대학 졸업예정,제한없음,제한없음
429,청해진대학 지원사업,0,34,대구광역시,대졸,제한없음,제한없음
430,4차산업혁명 혁신선도대학 육성,0,100,광주광역시,제한없음,제한없음,제한없음
432,거제 청년 유턴 일자리 사업,18,39,경상남도,제한없음,제한없음,미취업자
433,B-beauty 차세대 청년일자리 육성 프로젝트,18,39,부산광역시,제한없음,제한없음,미취업자
434,일반고 특화 직업능력개발훈련과정,0,100,전국,고교 재학,제한없음,미취업자
435,서리풀 청년아트센터,19,39,서울특별시,제한없음,제한없음,제한없음
436,청년 해외취업 희망드림 아카데미,19,34,경기도,대학 졸업예정,제한없음,미취업자
436,청년 해외취업 희망드림 아카데미,19,34,경기도,대졸,제한없음,미취업자
437,청년옷장 및 청춘사진관 운영,18,39,경기도,제한없음,제한없음,제한없음
438,동해안청년디딤돌 일자리 지원사업(사업중단),16,39,경상북도,제한없음,제한없음,제한없음
439,대학일자리센터 운영지원사업,18,39,충청남도,제한없음,제한없음,제한없음
440,선원정책 및 선원인력 역량강화 (청년해기인력 공급기반 강화),0,100,전국,제한없음,제한없음,미취업자
441,WFK-KOICA NGO봉사단,19,100,전국,제한없음,제한없음,제한없음
442,(경기 화성시) 학교 밖 청소년 지원사업,9,24,경기도,제한없음,제한없음,미취업자
443,청년 해외취업 지원사업(K-Move스쿨),19,34,경기도,대학 졸업예정,제한없음,미취업자
443,청년 해외취업 지원사업(K-Move스쿨),19,34,경기도,대졸,제한없음,미취업자
444,의료관광분야 청년인재 취업매칭 지원사업,18,39,부산광역시,제한없음,제한없음,미취업자
445,면접정장 무료 대여,18,34,경상남도,제한없음,고교 재학,제한없음
446,근로자 전입정착금 지원,0,100,전라북도,제한없음,제한없음,재직자
447,청년 소셜마케터 양성지원,19,34,경상남도,제한없음,제한없음,미취업자
448,청년드림슈트 면접정장 무료대여,19,39,경기도,제한없음,제한없음,미취업자
449,지역우수인재 고용촉진사업,18,35,충청남도,제한없음,제한없음,재직자
450,수출전문 청년일자리 지원사업(지역주도형 청년일자리),18,39,부산광역시,제한없음,제한없음,미취업자
451,지역주도형 청년일자리 사업(청년 신규일자리 창출),19,39,서울특별시,제한없음,대학 재학,미취업자
452,지역주도형 청년일자리사업(3유형),0,39,경기도,제한없음,제한없음,제한없음
453,부산시 동구 구인/구직 개척단 취업상담원,18,100,부산광역시,제한없음,제한없음,제한없음
454,WFK-과학기술지원단,0,100,전국,대졸,제한없음,미취업자
455,포항 취업창업 박람회,0,100,경상북도,제한없음,제한없음,제한없음
456,WFK-한방봉사단(KOMSTA),0,100,전국,제한없음,제한없음,제한없음
457,의정부청년 슈트잡(JOB)아-청년 면접정장 대여사업,18,39,경기도,제한없음,제한없음,제한없음
458,국립대학 지역맞춤형 인재육성사업,0,100,경상북도,제한없음,제한없음,제한없음
459,지역인재 고용 인센티브,18,40,충청북도,제한없음,제한없음,제한없음
460,대학일자리센터 지원,18,39,전라북도,대학 재학,제한없음,제한없음
460,대학일자리센터 지원,18,39,전라북도,대학 졸업예정,제한없음,제한없음
460,대학일자리센터 지원,18,39,전라북도,대졸,제한없음,제한없음
460,대학일자리센터 지원,18,39,전라북도,석·박사,제한없음,제한없음
461,취업전략 특강,19,39,대전광역시,제한없음,제한없음,미취업자
462,청년친화강소기업 탐방 프로젝트,19,39,서울특별시,제한없음,제한없음,제한없음
463,ODA 사업수행기관 영프로페셔널,19,34,전국,제한없음,제한없음,제한없음
464,부산콘텐츠인력 GROW-UP 채용지원(지역주도형 청년일자리),0,39,부산광역시,제한없음,제한없음,제한없음
465,마포형 청년일자리 창출사업,18,39,서울특별시,제한없음,제한없음,미취업자
466,중소기업 기숙사 임차비 지원사업,18,39,경상북도,제한없음,제한없음,제한없음
467,청년일자리 사업,19,39,충청북도,대학 재학,제한없음,미취업자
469,부산시 기술사관 육성사업,16,30,부산광역시,고교 재학,제한없음,미취업자
470,기장군 모다-일 청년인턴지원 사업,19,39,부산광역시,제한없음,제한없음,제한없음
471,WFK 봉사단 코디네이터,19,60,전국,제한없음,제한없음,미취업자
472,2021년 동두천시 청년구직비용 패키지 지원 사업,19,39,경기도,제한없음,제한없음,제한없음
473,지역인재 지역살리기 사업,18,39,경상남도,제한없음,제한없음,제한없음
474,경남 웹툰캠퍼스 운영,0,100,경상남도,제한없음,제한없음,제한없음
475,충청북도 일자리지원센터 운영,0,100,충청북도,제한없음,제한없음,미취업자
477,전주 청년온라인플랫폼 운영,18,39,전라북도,제한없음,제한없음,제한없음
478,청년근로자 정착 위한 연봉 지원사업,18,40,충청남도,제한없음,제한없음,재직자
479,청년아지트 나와유 운영,18,39,충청남도,제한없음,제한없음,제한없음
480,부산일자리정보망 운영,0,100,부산광역시,제한없음,제한없음,제한없음
481,대학일자리센터 운영 지원,0,100,부산광역시,제한없음,제한없음,미취업자
482,일자리종합센터 운영,0,100,부산광역시,제한없음,제한없음,제한없음
483,연구개발성과의 기업이전 촉진,18,34,전국,대졸,제한없음,미취업자
484,"탈북 청년 취업, 교육지원",0,100,전국,대학생,제한없음,제한없음
484,"탈북 청년 취업, 교육지원",0,100,전국,대졸,제한없음,제한없음
485,청년 일자리 상담창구 톡톡데스크 운영,19,39,광주광역시,제한없음,제한없음,제한없음
486,산업협력형 지역인재육성사업,0,100,제주도,대학 재학,제한없음,제한없음
486,산업협력형 지역인재육성사업,0,100,제주도,대학 졸업예정,제한없음,제한없음
486,산업협력형 지역인재육성사업,0,100,제주도,대졸,제한없음,제한없음
487,청년고용 우수기업 지원사업,15,39,경상북도,중졸,제한없음,미취업자
487,청년고용 우수기업 지원사업,15,39,경상북도,고졸,제한없음,미취업자
487,청년고용 우수기업 지원사업,15,39,경상북도,대졸,제한없음,미취업자
488,청년일자리 우수기업 청년채용지원,20,39,충청북도,제한없음,제한없음,미취업자
489,청년문제해결형 공모사업,18,34,대전광역시,제한없음,제한없음,제한없음
490,원스톱취업 호텔서비스 전문인력 양성사업,19,34,부산광역시,제한없음,제한없음,미취업자
491,일자리창출 우수기업 지원,0,100,경상북도,제한없음,제한없음,재직자
492,U-Space BIFC 청년일자리 지원사업,18,39,부산광역시,제한없음,제한없음,제한없음
493,스마트그리드 및 청정에너지 융복합 전문인력 양성지원,18,34,제주도,제한없음,제한없음,제한없음
494,청년 목공인 양성과정,19,34,서울특별시,제한없음,제한없음,제한없음
495,조선업희망센터 전직지원 프로그램,0,100,울산광역시,제한없음,제한없음,미취업자
496,청년 제조업 창업 공간 운영,18,39,울산광역시,제한없음,제한없음,제한없음
497,문화콘텐츠 아카데미 운영,0,100,전라북도,제한없음,제한없음,제한없음
499,고양 내일꿈제작소 건립 공사,0,100,경기도,제한없음,제한없음,제한없음
500,사회적경제 청년활동가 육성,18,39,충청남도,제한없음,제한없음,미취업자
502,2021년 부산청년 로컬크리에이터 육성사업,18,39,부산광역시,제한없음,제한없음,제한없음
503,Wici(결혼이민여성) 취업지원프로그램,0,100,전국,제한없음,제한없음,미취업자
504,취업지원특강 개최,19,34,서울특별시,제한없음,제한없음,제한없음
505,기능인력 청년인턴 장려금 지원,18,34,경상북도,고교 졸업예정,제한없음,재직자
505,기능인력 청년인턴 장려금 지원,18,34,경상북도,고졸,제한없음,재직자
505,기능인력 청년인턴 장려금 지원,18,34,경상북도,대학 졸업예정,제한없음,재직자
505,기능인력 청년인턴 장려금 지원,18,34,경상북도,대졸,제한없음,재직자
506,김포사랑 청년재직자 내일채움공제,19,34,경기도,제한없음,제한없음,재직자
507,면접정장 무료대여 청나래 운영,19,34,경기도,제한없음,제한없음,미취업자
508,창원시 전략산업 부흥 프로젝트,18,34,경상남도,제한없음,제한없음,미취업자
509,김해형 청년 1인 크리에이터 육성사업,19,39,경상남도,제한없음,제한없음,재직자
510,취업준비 청년 면접정장 사업,15,39,경기도,제한없음,제한없음,미취업자
511,청년농업인 드론방제단 지원사업,0,100,광주광역시,제한없음,제한없음,재직자
512,충북전략산업 전문연구인력 채용지원,20,39,충청북도,석·박사,제한없음,미취업자
513,우수모범기업 청년인턴사업,18,39,경상북도,제한없음,제한없음,미취업자
513,우수모범기업 청년인턴사업,18,39,경상북도,제한없음,제한없음,재직자
514,충북글로벌게임센터,0,100,충청북도,제한없음,제한없음,제한없음
515,청양사랑형 청년내일채움공제,15,34,충청남도,대졸,제한없음,재직자
516,대학생 멘토링 지원사업,19,26,부산광역시,대학생,제한없음,미취업자
517,미래신산업 및 철강산업 경쟁력강화를 통한 일자리 생태계 조성,0,100,경상북도,제한없음,제한없음,미취업자
518,청년세대를 위한 평생교육 활성화 지원,0,100,충청북도,제한없음,제한없음,제한없음
519,조선업희망센터 집단상담 프로그램,0,100,울산광역시,제한없음,제한없음,미취업자
520,지역주도형 청년일자리 사업(도전! 양주 청년미래로 일자리사업),18,39,경기도,제한없음,제한없음,미취업자
521,온라인일자리박람회,18,60,전라남도,제한없음,제한없음,제한없음
522,지역산업 맞춤형 일자리창출지원사업,0,100,전라북도,제한없음,제한없음,제한없음
523,부산권 대학 취업네트워크 활성화 사업,0,100,부산광역시,대학 재학,제한없음,미취업자
523,부산권 대학 취업네트워크 활성화 사업,0,100,부산광역시,대졸,제한없음,미취업자
524,사회적기업활성화 청년인력지원 프로젝트,18,39,부산광역시,제한없음,제한없음,미취업자
526,대학일자리센터 사업,0,100,전라북도,제한없음,제한없음,제한없음
527,민간기업 통합 정기채용지원,0,100,제주도,제한없음,제한없음,제한없음
528,지역주도형 청년일자리사업,0,39,전라북도,제한없음,제한없음,제한없음
530,대학발전 육성사업,0,100,강원도,대학 재학,제한없음,미취업자
531,지역특화청년무역전문가양성,0,100,광주광역시,대학 재학,제한없음,제한없음
532,사회적경제조직 청년일자리 지원사업,18,39,부산광역시,제한없음,제한없음,미취업자
533,노량진 청년일자리센터 운영,19,34,서울특별시,제한없음,제한없음,제한없음
534,경남 수출농업단지 및 수출전문업체 청년일자리 지원,18,39,경상남도,제한없음,제한없음,미취업자
535,취업보장형 고교·전문대 통합교육 육성사업,0,100,전라북도,고교 재학,제한없음,제한없음
535,취업보장형 고교·전문대 통합교육 육성사업,0,100,전라북도,대학 재학,제한없음,제한없음
536,청년 취업박람회,18,39,충청남도,제한없음,제한없음,미취업자
537,맞춤일자리 동행면접,0,100,강원도,제한없음,제한없음,미취업자
538,지역산업맞춤형 일자리 창출 지원사업,0,100,서울특별시,제한없음,제한없음,미취업자
539,(경북) 콘텐츠코리아랩 운영,0,100,경상북도,제한없음,제한없음,제한없음
540,지역주도형 청년 일자리사업,18,39,서울특별시,제한없음,제한없음,미취업자
541,청년 취창업 인큐베이팅 지원사업,15,39,경상북도,제한없음,제한없음,미취업자
542,청년 역량강화 교육 및 워크숍,18,100,전라남도,제한없음,제한없음,제한없음
543,청년직무박람회 개최,18,39,경기도,제한없음,제한없음,제한없음
544,사회적경제기업 청년도제 육성,18,39,충청남도,제한없음,제한없음,미취업자
545,청년자립도전 사업단 운영,18,39,부산광역시,제한없음,제한없음,제한없음
546,용인청년 희망옷장 사업,18,39,경기도,제한없음,제한없음,제한없음
547,원미청정구역 운영,0,100,경기도,제한없음,제한없음,제한없음
548,경남청년장인프로젝트 사업,18,39,경상남도,제한없음,제한없음,미취업자
549,창원청년 조선업 인력양성 및 취업 지원,18,34,경상남도,제한없음,제한없음,미취업자
550,경주시 취업박람회,0,100,경상북도,제한없음,제한없음,미취업자
551,나는 목수다,18,39,전라북도,제한없음,제한없음,미취업자
552,청년 미니채용박람회,18,19,부산광역시,고교 졸업예정,제한없음,미취업자
552,청년 미니채용박람회,18,19,부산광역시,고졸,제한없음,미취업자
553,청년 음악창작 활성화 음악창작소 운영,18,50,충청남도,고졸,제한없음,미취업자
553,청년 음악창작 활성화 음악창작소 운영,18,50,충청남도,대졸,제한없음,미취업자
554,청년기획자 양성프로그램 운영,0,100,강원도,제한없음,제한없음,제한없음
555,부산시 지식기반서비스기업 청년인재 지원 사업계획 (지역주도형 청년일자리),18,39,부산광역시,제한없음,제한없음,미취업자
556,청년 창업농 영농정착 지원사업,19,39,대전광역시,제한없음,제한없음,제한없음
557,김해시 사회적공동체 지원센터 운영,0,100,경상남도,대학생,제한없음,제한없음
558,경남 중소기업 청년 활력화 사업,18,39,경상남도,제한없음,제한없음,미취업자
559,청춘야학당 교육프로그램 운영,18,39,경기도,제한없음,제한없음,제한없음
560,NEW취업박람회개최,0,100,강원도,제한없음,제한없음,제한없음
561,청년 드림(Dream)마당 운영 지원사업,0,100,경상남도,제한없음,제한없음,재직자
562,청년예술인 예술활동 무대마련,0,100,경상남도,제한없음,제한없음,제한없음
563,밀양형 내일채움공제,18,34,경상남도,제한없음,제한없음,재직자
564,청년과 문화 상생 프로젝트,19,39,충청북도,제한없음,제한없음,미취업자
565,충남형 일자리 소통공간 운영,18,39,충청남도,제한없음,제한없음,미취업자
566,자동차 부품산업 맞춤인재 육성프로젝트 지원,0,39,경상북도,제한없음,제한없음,미취업자
567,물재생분야 청년일자리 박람회,0,100,서울특별시,제한없음,제한없음,미취업자
568,봉화군 중소기업 청년인턴 지원사업,18,39,경상북도,제한없음,제한없음,미취업자
569,거제형 청년일자리 창출모델 사업,0,100,경상남도,제한없음,제한없음,제한없음
570,"취업보장형 고교, 전문대 통합교육",16,25,전라남도,고교 재학,제한없음,제한없음
571,청년아카데미 운영,19,39,경기도,제한없음,제한없음,제한없음
572,AI 학습데이터 큐레이터 양성교육,18,39,충청남도,제한없음,제한없음,제한없음
573,산학일체형 도제학교 지원,0,100,광주광역시,고교 재학,제한없음,제한없음
574,B-소셜 청년 JOB 드림사업,18,39,부산광역시,제한없음,제한없음,제한없음
575,구로 청년공간 청년이룸 운영,16,39,서울특별시,제한없음,제한없음,제한없음
576,벼락 맞은 면접정장 대여사업,18,39,경기도,제한없음,제한없음,제한없음
577,취업지원 프로그램,18,39,경기도,제한없음,제한없음,미취업자
578,청년 디지털 교육공간 조성,18,39,경기도,제한없음,제한없음,제한없음
579,화장품 창업교육 및 청년인턴 지원,18,39,전라북도,제한없음,제한없음,미취업자
580,청년아지트 나와유 2호점 추가구축,18,39,충청남도,제한없음,제한없음,제한없음
582,학교 4-H 과제활동 지원,0,100,경상남도,제한없음,제한없음,제한없음
583,기차카페 운영을 통한 청년자활지원사업,19,39,경상남도,제한없음,제한없음,제한없음
584,대학일자리센터 운영,15,39,충청북도,대학 재학,제한없음,미취업자
585,대학생 해외연수 지원,0,100,충청북도,대학 재학,제한없음,제한없음
585,대학생 해외연수 지원,0,100,충청북도,대학 졸업예정,제한없음,제한없음
586,맞춤형 일자리 지원,18,39,충청북도,제한없음,제한없음,미취업자
587,청년친화기업 조성 사업,19,39,경기도,제한없음,제한없음,제한없음
588,이주배경(다문화)청년 기술력 향상 및 전문가 양성,16,24,경기도,제한없음,제한없음,제한없음
590,지역특화 청년무역전문가 양성,19,34,충청남도,대학 재학,제한없음,제한없음
591,대학소통의 날 운영,0,100,강원도,제한없음,제한없음,제한없음
592,청년 MICE TECH 전문인력 양성,18,39,부산광역시,제한없음,제한없음,미취업자
593,2021년 로컬크리에이터 지원사업,18,39,부산광역시,제한없음,제한없음,제한없음
594,대학생 아르바이트 운영,0,100,경기도,대학 재학,제한없음,미취업자
595,유잡스(청년일자리카페) 운영,19,39,경기도,제한없음,제한없음,제한없음
596,대학일자리센터 운영 지원,18,39,경상남도,제한없음,제한없음,제한없음
597,지역기반 청년일자리사업,18,45,경상북도,제한없음,제한없음,제한없음
598,사회적경제 청년활동가 지원사업,18,39,경상북도,제한없음,제한없음,미취업자
599,청도 정착형 청년일자리 창출사업,0,39,경상북도,제한없음,제한없음,미취업자
600,경남 장인 프로젝트,18,39,경상남도,제한없음,제한없음,미취업자
601,지자체-대학 협력 기반 지역혁신 사업,18,34,전라남도,대학 재학,제한없음,미취업자
601,지자체-대학 협력 기반 지역혁신 사업,18,34,전라남도,대학 졸업예정,제한없음,미취업자
601,지자체-대학 협력 기반 지역혁신 사업,18,34,전라남도,대졸,제한없음,미취업자
601,지자체-대학 협력 기반 지역혁신 사업,18,34,전라남도,석·박사,제한없음,미취업자
602,여성새로일하기센터 운영,0,100,충청북도,제한없음,제한없음,제한없음
604,청년취업 역량강화 프로그램 운영,18,39,전라북도,제한없음,제한없음,제한없음
605,북한이탈청소년 교육프로그램 지원,18,25,강원도,제한없음,제한없음,제한없음
606,육해상 풍력터빈 O 기술 고급인력양성,18,34,부산광역시,대학 재학,제한없음,재직자
607,대학 핵심역량 강화 지원사업,0,100,제주도,대학 재학,제한없음,제한없음
608,지역항공산업 인력양성 플랫폼 구축운영,0,100,경상북도,제한없음,제한없음,제한없음
609,청년면접정장대여사업,18,34,경상남도,제한없음,제한없음,미취업자
610,항공기 기체제작 인력양성사업,0,100,경상남도,제한없음,제한없음,미취업자
611,취·창업멘토 토크 콘서트,19,34,경상남도,제한없음,제한없음,제한없음
612,청년고용친화적 MICE 생태계 조성,18,39,부산광역시,제한없음,제한없음,미취업자
613,산학협력취업패키지 과정,0,100,전라남도,대학 재학,제한없음,제한없음
614,경남사회적경제 청년부흥 프로젝트사업,18,39,경상남도,제한없음,제한없음,미취업자
615,청년 고용유지사업체 지원사업,0,100,경상남도,제한없음,제한없음,재직자
616,Be Flying 청년문화기획가 in 성주,18,39,경상북도,제한없음,제한없음,미취업자
617,충주 청년관광코디네이터 육성 사업,18,39,충청북도,제한없음,제한없음,미취업자
618,남원시 일자리밴드 잡담(JOB談),0,100,전라북도,제한없음,제한없음,제한없음
619,정선아카데미 운영,0,100,강원도,제한없음,제한없음,제한없음
620,원자력활용분야 일자리박람회,0,100,경상북도,제한없음,제한없음,미취업자
621,예술활동(작품) 디지털화 사업,19,39,경상남도,제한없음,제한없음,제한없음
622,보호종료아동 사후관리 및 취업알선사업,18,100,경상북도,제한없음,제한없음,제한없음
623,글로벌 자동차 전장부품 기능안전기반 SW창의인력양성사업,0,100,경상북도,제한없음,제한없음,제한없음
624,충남도립대학생 인턴,0,100,충청남도,대학 재학,제한없음,미취업자
625,UCLG(세계지방정부연합) 글로벌 청년문화포럼,19,39,제주도,대졸,제한없음,재직자
625,UCLG(세계지방정부연합) 글로벌 청년문화포럼,19,39,제주도,석·박사,제한없음,재직자
626,청년취업 지원사업,18,39,전라북도,제한없음,제한없음,제한없음
627,제주시 지역선도대학육성 사업,0,100,제주도,대학 재학,제한없음,제한없음
627,제주시 지역선도대학육성 사업,0,100,제주도,대학 졸업예정,제한없음,제한없음
628,평택 청년 면접정장 무료대여 서비스,19,39,경기도,제한없음,제한없음,제한없음
629,채용박람회 개최,0,100,경상남도,제한없음,제한없음,미취업자
630,(경남 진주시) 대학일자리센터 운영지원 사업,18,34,경상남도,대학 재학,제한없음,제한없음
631,청년스타트업 지원사업,15,39,경상북도,고교 재학,제한없음,제한없음
631,청년스타트업 지원사업,15,39,경상북도,고교 졸업예정,제한없음,제한없음
631,청년스타트업 지원사업,15,39,경상북도,고졸,제한없음,제한없음
632,청년귀농 농업인턴채용,0,45,경상북도,제한없음,제한없음,제한없음
633,경남 청년 부흥 프로젝트,18,39,경상남도,제한없음,제한없음,미취업자
634,ICT 이노베이션 충남스퀘어 조성,18,100,충청남도,제한없음,제한없음,제한없음
635,청년 온라인 비즈니스 아카데미,18,39,부산광역시,제한없음,제한없음,미취업자
636,비대면 AI/VR 면접체험관 운영,19,39,서울특별시,제한없음,제한없음,미취업자
637,고양 맞춤형 일자리학교,18,39,경기도,제한없음,제한없음,미취업자
638,대학생 직장체험연수 지원제,0,30,경기도,대학 재학,제한없음,제한없음
639,대학일자리센터 운영사업지원,0,100,경상남도,제한없음,제한없음,제한없음
640,지역청년이 일하는 협동조합(지역주도형 청년일자리사업),18,39,경상북도,제한없음,제한없음,제한없음
641,전통공예 청년승계자 특별지원사업,19,39,경상북도,제한없음,제한없음,미취업자
642,글로벌 청년새마을지도자 선발 및 파견,19,39,경상북도,제한없음,제한없음,제한없음
643,디지털 청년정책 웹툰영상 제작,18,39,경기도,제한없음,제한없음,제한없음
644,특성화고 청년 진로탐색 프로그램,0,100,부산광역시,고교 재학,제한없음,제한없음
645,수출기업 무역실무교육,0,100,경상북도,제한없음,제한없음,제한없음
646,사우청년지원센터 운영,19,34,경기도,제한없음,제한없음,제한없음
647,AI.VR면접체험관 운영,18,39,경기도,제한없음,제한없음,제한없음
648,경남 청년 장인 프로젝트,18,39,경상남도,제한없음,제한없음,미취업자
649,청년농부 리더육성 아카데미 교육,19,39,경기도,제한없음,제한없음,제한없음
650,사회적경제 청년혁신가 지원(계속),0,39,전라북도,대학 재학,제한없음,제한없음
651,금융산업 전문인력 양성사업,0,100,전라북도,제한없음,제한없음,제한없음
652,지역이공계 여성인재 활용 촉진사업<국가직접>,0,100,전라북도,고교 재학,제한없음,제한없음
652,지역이공계 여성인재 활용 촉진사업<국가직접>,0,100,전라북도,대학생,제한없음,제한없음
653,공공근로사업(청년일자리),18,39,전라북도,제한없음,대학 재학,미취업자
654,대학생 국외연수,0,100,충청남도,대학 재학,제한없음,제한없음
655,청년 취업 토크 콘서트 개최,18,39,부산광역시,제한없음,제한없음,제한없음
656,2021년 청년 벤처투자자 양성사업,18,39,부산광역시,제한없음,제한없음,제한없음
657,지역대학 글로벌 무역전문가 양성,19,100,경상북도,대학생,제한없음,제한없음
658,AI-VR  면접체험관 운영,18,39,서울특별시,제한없음,제한없음,제한없음
659,용인시립합창단 트레이닝 운영,0,100,경기도,제한없음,제한없음,제한없음
660,현장맞춤형 항공MRO 인력양성사업,0,100,경상남도,제한없음,제한없음,미취업자
661,백신산업 육성 전문인력 양성사업,0,100,경상북도,제한없음,제한없음,미취업자
662,SW중심대학육성지원,0,100,경상북도,제한없음,제한없음,제한없음
663,이웃사촌시범마을 청년플러스사업,19,39,경상북도,제한없음,제한없음,미취업자
664,창녕형 스마트 청년일자리사업,18,39,경상남도,제한없음,제한없음,미취업자
665,고교졸업생 사회진출 성장사다리 지원,0,20,전라남도,고졸,제한없음,미취업자
666,공학교육혁신센터 운영,18,34,전라남도,대학 재학,제한없음,미취업자
666,공학교육혁신센터 운영,18,34,전라남도,대학 졸업예정,제한없음,미취업자
666,공학교육혁신센터 운영,18,34,전라남도,대졸,제한없음,미취업자
666,공학교육혁신센터 운영,18,34,전라남도,석·박사,제한없음,미취업자
667,정읍청년메이커센터 운영,18,44,전라북도,제한없음,제한없음,제한없음
668,창의융합형 인재육성,19,39,충청남도,제한없음,제한없음,제한없음
669,2030 맞춤형 취업지원사업,19,34,서울특별시,제한없음,제한없음,제한없음
670,지역 연구마을 등 유망벤처기업 청년인재매칭사업,19,39,경상북도,대졸,제한없음,미취업자
670,지역 연구마을 등 유망벤처기업 청년인재매칭사업,19,39,경상북도,석·박사,제한없음,미취업자
671,사회적기업 청년부흥프로젝트,18,39,경상남도,제한없음,제한없음,미취업자
672,산업전문 인력양성 사업,0,100,충청북도,대졸,제한없음,제한없음
672,산업전문 인력양성 사업,0,100,충청북도,석·박사,제한없음,제한없음
673,구인구직만남의 날 운영,0,100,전라북도,제한없음,제한없음,미취업자
674,포천형 내일채움공제 지원사업,19,100,경기도,제한없음,제한없음,재직자
675,지능형홈케어산업전문인력양성,19,39,경상북도,제한없음,제한없음,제한없음
676,원자력전문인력양성사업 지원,0,100,경상북도,제한없음,제한없음,제한없음
677,대학교육역량 Plus-up프로그램사업,20,26,경상북도,대학 재학,제한없음,미취업자
678,경력단절여성 지억업교육훈련 프로그램 운영,19,100,경상남도,제한없음,제한없음,제한없음
679,충청북도 취업박람회,0,100,충청북도,제한없음,제한없음,미취업자
680,산업인력 양성 지원사업,19,39,충청북도,제한없음,제한없음,미취업자
680,산업인력 양성 지원사업,19,39,충청북도,제한없음,제한없음,재직자
681,신학관협력 인력양성(대학일자리센터 지원),19,34,경기도,제한없음,제한없음,제한없음
682,대화도서관 공유형 창업·창의 공작소 운영,8,100,경기도,제한없음,제한없음,제한없음
683,예비청년 취업 연계지원사업 DB구축,18,39,전라북도,제한없음,제한없음,미취업자
684,청년 행복 코칭 지원,0,100,전라북도,제한없음,제한없음,제한없음
685,맞춤형 기술인력 교육지원사업,18,65,전라북도,제한없음,제한없음,제한없음
687,산업인공지능 인력양성사업,19,39,경상북도,제한없음,제한없음,제한없음
688,농촌마을 활성화를 위한 청년매니저 운영사업,18,39,경상북도,제한없음,제한없음,미취업자
689,생태콘텐츠 코디네이터 양성사업,18,39,경상남도,제한없음,제한없음,미취업자
690,함안군 청년 공공근로사업,18,35,경상남도,제한없음,제한없음,미취업자
691,산학협력 선도대학(LINC+) 육성,18,34,전라남도,대학 재학,제한없음,미취업자
691,산학협력 선도대학(LINC+) 육성,18,34,전라남도,대학 졸업예정,제한없음,미취업자
691,산학협력 선도대학(LINC+) 육성,18,34,전라남도,대졸,제한없음,미취업자
691,산학협력 선도대학(LINC+) 육성,18,34,전라남도,석·박사,제한없음,미취업자
692,경력단절여성 One-Stop 취업 지원,0,100,전라북도,제한없음,제한없음,제한없음
693,4-H 양성교육,18,39,전라북도,제한없음,제한없음,제한없음
694,청년 진로 jump-up사업,19,39,경기도,제한없음,제한없음,제한없음
695,농촌체험휴양마을 청년사무장 채용,18,39,경상남도,제한없음,제한없음,미취업자
696,지역선도대학 육성사업 지원,0,100,경상북도,제한없음,제한없음,제한없음
697,수소산업 융복합 인력양성사업,0,100,경상북도,제한없음,제한없음,제한없음
698,고성 다이노스타 청년일자리사업,18,39,경상남도,제한없음,제한없음,미취업자
699,청년일자리체험사업,18,39,경상남도,제한없음,제한없음,미취업자
700,청년 일경험드림사업,18,49,전라남도,제한없음,제한없음,미취업자
701,농업인턴제를 활용한 창농지원,0,39,전라북도,제한없음,제한없음,미취업자
702,ICT기업 맞춤형 전문인력 양성사업,0,100,전라북도,제한없음,제한없음,제한없음
703,취업연계 융복합 고급인력양성사업 지원,0,100,전라북도,대졸,제한없음,제한없음
703,취업연계 융복합 고급인력양성사업 지원,0,100,전라북도,대학원생,제한없음,제한없음
704,예산군 일자리박람회 개최,0,100,충청남도,제한없음,제한없음,미취업자
705,2021년 부산 온라인 일자리 박람회,0,100,부산광역시,제한없음,제한없음,미취업자
706,구래청년지원센터 운영,19,34,경기도,제한없음,제한없음,제한없음
708,스마트 제조혁신 선도대학,0,39,경상남도,제한없음,제한없음,미취업자
709,결혼이민여성 글로벌 인재양성사업,0,100,경상북도,고졸,제한없음,제한없음
711,희망을 이루는 청년지원 사업,18,45,충청북도,제한없음,제한없음,제한없음
712,"지역주도형 청년일자리사업(부안사랑 산업연계 청년인턴 지원사업,1-2유형)",18,39,전라북도,제한없음,제한없음,제한없음
713,청년네트워크,15,39,충청북도,제한없음,제한없음,제한없음
714,조기취업형 계약학과 육성지원,0,100,경상북도,고졸,제한없음,미취업자
715,산학일체형 도제학교 운영지원,0,100,경상남도,고교 재학,제한없음,제한없음
716,결혼이민여성 이중언어강사 일자리창출사업,0,100,경상북도,제한없음,제한없음,제한없음
717,스타트업 청년채용 연계사업,18,39,경상남도,제한없음,제한없음,미취업자
718,청년장인 프로젝트사업,18,39,경상남도,제한없음,제한없음,미취업자
719,고성 디지털 썬다이노 청년일자리사업,18,39,경상남도,제한없음,제한없음,미취업자
720,경남형 뉴딜일자리사업,18,39,경상남도,제한없음,제한없음,미취업자
721,전문대 재학생단계 일학습병행제,20,25,전라남도,대학 재학,제한없음,제한없음
722,옥천군 일자리센터 운영,0,100,충청북도,제한없음,제한없음,제한없음
723,공정무역 활동가 양성과정,19,100,경기도,제한없음,제한없음,제한없음
724,대학생 공공기관 현장체험 운영,19,34,경기도,대학 재학,제한없음,제한없음
725,농어촌종합지원센터,0,100,전라북도,제한없음,제한없음,제한없음
726,아동 교육 울타리지원,18,24,전라북도,대학 재학,제한없음,제한없음
726,아동 교육 울타리지원,18,24,전라북도,대학 졸업예정,제한없음,제한없음
726,아동 교육 울타리지원,18,24,전라북도,대졸,제한없음,제한없음
727,농촌청년 현장활동가 육성,0,100,전라북도,제한없음,제한없음,제한없음
728,청년 4-H회 과제 교육 지원,19,39,경상남도,제한없음,제한없음,제한없음
729,희망 꽃단지 조성 청년 매니저 운영,18,49,전라남도,제한없음,제한없음,미취업자
731,이공분야 대학 중점연구소 지원,0,100,전라북도,석·박사,제한없음,제한없음
732,목포 수산식품 산단 취업지원,0,100,전라남도,제한없음,제한없음,제한없음
733,청년4-H회 교육 운영 지원,18,39,경상남도,제한없음,제한없음,제한없음
734,HuStar 대경혁신인재 양성 프로젝트,19,39,경상북도,대졸,제한없음,미취업자
734,HuStar 대경혁신인재 양성 프로젝트,19,39,경상북도,대학 졸업예정,제한없음,미취업자
735,대학생 일자리 DREAM UP,0,100,경기도,제한없음,제한없음,미취업자
736,인재채용 오디션데이 운영,0,100,충청북도,제한없음,제한없음,제한없음
737,(예비) 사회적기업 육성사업,0,100,충청북도,제한없음,제한없음,제한없음
738,산학연 프로젝트 Lab 지원,18,34,충청북도,대학 재학,제한없음,미취업자
738,산학연 프로젝트 Lab 지원,18,34,충청북도,대학 졸업예정,제한없음,미취업자
738,산학연 프로젝트 Lab 지원,18,34,충청북도,대졸,제한없음,미취업자
738,산학연 프로젝트 Lab 지원,18,34,충청북도,석·박사,제한없음,미취업자
739,소프트웨어중심대학지원,0,100,전라북도,제한없음,제한없음,제한없음
740,사회맞춤형 산학협력 선도대학(LINC+) 육성<국가직접>,0,100,전라북도,제한없음,제한없음,제한없음
741,전북미래산업-청년창업 연계사업,19,39,전라북도,제한없음,제한없음,제한없음
742,청년농부 인큐베이팅 시스템 운영,18,40,충청남도,제한없음,제한없음,미취업자
743,대학입시상담센터 운영,0,100,충청남도,제한없음,제한없음,제한없음
744,호텔리어 취업연계 교육,19,34,경기도,제한없음,제한없음,제한없음
745,면접정장 대여사업,18,34,경기도,제한없음,제한없음,제한없음
746,글로벌 해양수산대학생 초청 연수,0,100,경상북도,대학생,제한없음,미취업자
747,지역주도형 청년일자리 지원,18,39,경상남도,제한없음,제한없음,제한없음
748,사회적경제 청년부흥 프로젝트사업,18,39,경상남도,제한없음,제한없음,미취업자
749,공공근로사업,18,39,경상남도,제한없음,제한없음,제한없음
750,해남군 전남 청년 일자리카페 운영,18,49,전라남도,제한없음,제한없음,미취업자
751,"지역주도형 청년일자리사업(농어촌 공동체 청년인턴 지원사업,1-1유형)",18,39,전라북도,제한없음,제한없음,제한없음
753,전북우수기업-청년창업 연계사업,19,39,전라북도,제한없음,제한없음,제한없음
754,2단계 공학교육혁신센터<국가직접>,0,100,전라북도,대학 재학,제한없음,제한없음
754,2단계 공학교육혁신센터<국가직접>,0,100,전라북도,대학 졸업예정,제한없음,제한없음
755,대학일자리 센터 운영,18,34,경기도,제한없음,제한없음,제한없음
756,농업인학습단체 과제교육 지원,0,100,경상남도,제한없음,제한없음,제한없음
757,산학일체형 도제학교 지원,0,100,경상북도,고교 재학,제한없음,제한없음
758,경남 수출농업단지 및 수출전문업체 청년 일자리 지원 사업,18,39,경상남도,제한없음,제한없음,미취업자
759,행복지기 일반사업,18,75,경상남도,제한없음,제한없음,미취업자
760,행복지기 청년사업,18,39,경상남도,제한없음,제한없음,제한없음
761,사회맞춤형 산학협력 선도대학 육성사업,0,100,전라북도,제한없음,제한없음,제한없음
762,전북청년 지역정착 지원사업,18,39,전라북도,제한없음,제한없음,제한없음
763,청년농업인 안전성 실용교육 지원,19,40,충청남도,제한없음,제한없음,제한없음
764,특성화고 청년인턴 사업,18,34,경기도,고교 졸업예정,제한없음,미취업자
765,대학일자리센터 운영,0,100,경기도,제한없음,제한없음,미취업자
767,청년아카데미,19,39,충청북도,제한없음,제한없음,제한없음
768,청년인턴제운영사업,0,39,충청북도,제한없음,제한없음,제한없음
769,사회적경제 청년혁신가 지원,18,39,전라북도,대졸,제한없음,미취업자
770,고양시 면접정장 대여사업,18,39,경기도,대학 재학,제한없음,제한없음
770,고양시 면접정장 대여사업,18,39,경기도,대학 졸업예정,제한없음,제한없음
771,2020년 군민 정보화교육 운영,0,100,전라남도,제한없음,제한없음,제한없음
772,공학교육혁신 선도센터<국가직접>,0,100,전라북도,대학 재학,제한없음,제한없음
772,공학교육혁신 선도센터<국가직접>,0,100,전라북도,대학 졸업예정,제한없음,제한없음
773,청년농업인 경영 진단분석 컨설팅사업,18,39,충청남도,제한없음,제한없음,제한없음
774,양평청년 꿈Dream지원 서비스 (면접정장 무료대여),18,39,경기도,제한없음,제한없음,제한없음
775,청년 취업면접 프로그램 운영,18,39,경기도,제한없음,제한없음,미취업자
776,지역대학연계 농식품 창업 교육,0,100,전라북도,대학 재학,제한없음,제한없음
777,사회적경제기업 청년매니저 지원사업(지역주도형 청년일자리사업),18,39,전라남도,제한없음,제한없음,미취업자
778,창의융합형 공학인재 양성지원사업,0,100,전라북도,제한없음,제한없음,제한없음
779,보은군일자리종합지원센터 운영,18,39,충청북도,제한없음,제한없음,제한없음
780,과천시 청년옷장,19,39,경기도,제한없음,제한없음,제한없음
781,연료전지 시스템 전주기 R: 고급 트랙,0,100,전라북도,석·박사,제한없음,제한없음
782,울주군 채용박람회,0,100,울산광역시,제한없음,제한없음,제한없음
783,온라인 재택근무 인프라구축 지원사업,18,39,부산광역시,제한없음,제한없음,미취업자
784,세종시농업 영리더 아카데미 과정,0,45,세종시,제한없음,제한없음,제한없음
785,부업대학생 운영,0,100,경기도,제한없음,제한없음,제한없음
786,충남형 지역균형발전 청년고용사업,0,39,충청남도,제한없음,고교 재학,미취업자
786,충남형 지역균형발전 청년고용사업,0,39,충청남도,제한없음,대학 재학,미취업자
786,충남형 지역균형발전 청년고용사업,0,39,충청남도,제한없음,대학원 재학,미취업자
787,전북 4-H경진 및 참여활동 지원,18,39,전라북도,제한없음,제한없음,제한없음
788,충남 직업계고교생 지역정착 활성화 취업지원,15,19,충청남도,고교 졸업예정,제한없음,재직자
1001,"청년일자리 1,000개의 꿈",19,39,서울특별시,고졸,제한없음,미취업자
1001,"청년일자리 1,000개의 꿈",19,39,서울특별시,대졸,제한없음,미취업자
1002,[3차민간기업맞춤형]머신러닝 딥러닝을 활용한 인공지능 개발자 과정,18,100,서울특별시,제한없음,제한없음,미취업자
1003,[4차민간기업맞춤형]디지털 마케터 양성과정,18,100,서울특별시,제한없음,제한없음,미취업자
1004,[4차민간기업맞춤형]제조서비스 분야 공공조달 전문가 과정,18,100,서울특별시,제한없음,제한없음,미취업자
1005,[4차민간기업맞춤형]기업맞춤형 JAVA웹개발자 양성과정,18,100,서울특별시,제한없음,제한없음,미취업자
1006,[3차민간기업맞춤형]데이터 기반 마케터 교육 및 취업과정,18,100,서울특별시,제한없음,제한없음,미취업자
1007,서울형 청년인턴 직무캠프,18,34,서울특별시,제한없음,제한없음,미취업자
1008,도시청년 지역상생일자리,19,39,서울특별시,대학원생,제한없음,제한없음
1008,도시청년 지역상생일자리,19,39,서울특별시,대학 재학,제한없음,제한없음
1008,도시청년 지역상생일자리,19,39,서울특별시,제한없음,제한없음,재직자
1009,미취업청년 취업장려금,19,34,서울특별시,고졸,제한없음,미취업자
1009,미취업청년 취업장려금,19,34,서울특별시,대졸,제한없음,미취업자
1010,청년일자리센터,19,39,서울특별시,제한없음,제한없음,제한없음
1011,취업날개 서비스(정장대여),18,39,서울특별시,제한없음,제한없음,제한없음
1012,AI면접체험·역량검사,15,39,서울특별시,제한없음,제한없음,제한없음
1013,국민취업지원제도,0,100,서울특별시,제한없음,제한없음,제한없음
1014,일자리부르릉,0,100,서울특별시,제한없음,제한없음,제한없음
1015,여성 새로 일하기 센터,0,100,서울특별시,제한없음,제한없음,미취업자
1016,여성취업지원서비스,0,100,서울특별시,제한없음,제한없음,제한없음
1017,장애인취업지원,18,69,서울특별시,제한없음,제한없음,제한없음
1018,경기도 우수기업,0,100,경기도,제한없음,제한없음,제한없음
1019,온라인 무료 교육,0,100,경기도,제한없음,제한없음,제한없음
1020,"고교취업 활성화
",0,100,경기도,고교 재학,제한없음,제한없음
1021,환경분야 취업지원 프로그램,0,100,경기도,대학생,제한없음,제한없음
1022,경기도형 대학생 취업브리지,0,100,경기도,대학생,제한없음,제한없음
1023,대학일자리센터,19,34,경기도,제한없음,제한없음,제한없음
1024,"지역정착형 청년일자리 사업
",0,39,경기도,제한없음,제한없음,제한없음
1025,수요자맞춤형 채용지원서비스,19,34,경기도,제한없음,제한없음,미취업자
1026,경기청년 +4 Trade Manager 육성,0,100,경기도,제한없음,제한없음,제한없음
1027,해운물류 인력 양성 지원,0,100,경기도,제한없음,제한없음,제한없음
1027,해운물류 인력 양성 지원,0,100,경기도,대학생,제한없음,미취업자
1027,해운물류 인력 양성 지원,0,100,경기도,대학 졸업예정,제한없음,미취업자
1028,LP가스 안전지킴이 사업,19,34,경기도,제한없음,제한없음,제한없음
1029,새로운 경기 징검다리 일자리 사업,18,100,경기도,제한없음,제한없음,제한없음
1030,대학교 노동인권 강좌 개설,0,100,경기도,대학생,제한없음,제한없음
1031,청년·청소년 노동법률 교육,0,100,경기도,제한없음,제한없음,제한없음
1032,창업기업 청년일자리 사업,0,39,인천광역시,제한없음,제한없음,제한없음
1033,지역성장 도약기업 청년일자리 사업,0,39,인천광역시,제한없음,제한없음,제한없음
1034,인천 스마트혁신기업 청년일자리 사업,0,39,인천광역시,제한없음,제한없음,제한없음
1035,인천 청년 면접지원 (드림나래),0,39,인천광역시,제한없음,제한없음,미취업자
1037,구직청년을 위한 ‘드림체크카드’,19,39,인천광역시,제한없음,제한없음,제한없음
1038,대학일자리센터 운영 지원,19,34,인천광역시,제한없음,제한없음,미취업자
1039,지역대학 취업지원 사업지원,19,39,인천광역시,제한없음,제한없음,미취업자
1040,인천 재직청년 드림포인트 추진계획,18,39,인천광역시,제한없음,제한없음,재직자
1041,디지털 무역 전문인력 양성 지원사업,0,39,인천광역시,제한없음,제한없음,미취업자
1042,청년의 목돈마련 지원을 위한 ‘드림For청년통장’,0,39,인천광역시,제한없음,제한없음,재직자
1043,청년창업 챌린지 지원사업,0,39,인천광역시,제한없음,제한없음,재직자
1044,창업마을 드림촌 조성,19,39,인천광역시,제한없음,제한없음,재직자
1045,인천 창업카페 운영,0,100,인천광역시,제한없음,제한없음,제한없음
1046,창업동아리 지원사업,18,39,인천광역시,제한없음,제한없음,제한없음
1047,청년창업 일자리 창출 특례보증 및 이차보전,0,39,인천광역시,제한없음,제한없음,재직자
1049,청년후계농 영농정착지원사업,18,40,인천광역시,제한없음,제한없음,제한없음
1050,청년창업농 영농 스타트업 지원,18,40,인천광역시,제한없음,제한없음,재직자
1051,인천관광기업지원센터 운영,0,100,인천광역시,제한없음,제한없음,제한없음
1052,인천MICE지원센터 창업지원사업,0,100,인천광역시,제한없음,제한없음,제한없음
1053,사람책 대여 프로그램,19,34,충청북도,제한없음,제한없음,미취업자
1054,청년이 직접 홍보해드림,19,34,충청북도,제한없음,제한없음,제한없음
1055,사회초년생 레벨업 지원,19,34,충청북도,제한없음,제한없음,제한없음
1056,대학일자리센터 지원,19,34,충청북도,제한없음,제한없음,제한없음
1057,성장촉진지역 청년근로자 근속지원 사업,0,39,충청북도,제한없음,제한없음,재직자
1058,청년 취업역량강화사업,0,100,충청북도,대학생,제한없음,제한없음
1059,청년일자리 우수기업 청년채용 지원(지역주도형 청년일자리사업),0,39,충청북도,제한없음,제한없음,미취업자
1060,충북전략산업 전문연구인력 채용지원(지역주도형 청년일자리사업),0,39,충청북도,석·박사,제한없음,미취업자
1062,충북 청년인재 맞춤형 일자리 지원,0,39,충청북도,제한없음,제한없음,제한없음
1063,충북 화장품 뷰티산업 청년일자리 지원,0,39,충청북도,제한없음,제한없음,제한없음
1066,지역활성화 청년여성 일자리 사업,0,39,충청북도,제한없음,제한없음,제한없음
1067,청년여성 일자리 플랫폼“청춘잡(job)담(談)”운영,0,39,충청북도,제한없음,제한없음,제한없음
1068,지역정착지원형 청년일자리 사업,0,39,충청북도,제한없음,제한없음,제한없음
1069,유기농 청년농업인 인턴 지원,0,39,충청북도,제한없음,제한없음,재직자
1070,바이오기업 인력양성 일학습병행 사업,0,100,충청북도,제한없음,제한없음,재직자
1071,지역사회서비스 청년사업단 운영,19,34,충청북도,제한없음,제한없음,제한없음
1072,이전공공기관 지역인재채용 합동채용설명회,0,100,충청북도,대학 재학,제한없음,제한없음
1072,이전공공기관 지역인재채용 합동채용설명회,0,100,충청북도,대졸,제한없음,제한없음
1073,청년창업농 영농정착 지원,19,39,충청북도,제한없음,제한없음,재직자
1074,농촌창업 청년농업인 정착 지원,0,39,충청북도,제한없음,제한없음,재직자
1076,충남 스타트업기업 청년채용 장려지원사업,0,39,충청남도,제한없음,제한없음,미취업자
1077,지역주도형 청년일자리 사업,0,39,충청남도,제한없음,제한없음,미취업자
1078,충남 희망이음 프로젝트,0,100,충청남도,고교 재학,제한없음,제한없음
1078,충남 희망이음 프로젝트,0,100,충청남도,대학생,제한없음,제한없음
1079,청년일자리허브 Y+센터 운영,0,100,충청남도,제한없음,제한없음,제한없음
1080,청년 조기 취업형 계약학과 지원,0,100,충청남도,제한없음,제한없음,제한없음
1081,지역대학 충남 인재의 장학금 및 취업지원,0,100,충청남도,대학 졸업예정,제한없음,제한없음
1081,지역대학 충남 인재의 장학금 및 취업지원,0,100,충청남도,대졸,제한없음,제한없음
1082,충남형 지역균형발전 청년고용사업,0,39,충청남도,제한없음,제한없음,미취업자
1083,특성화고생 지역정착 활성화 취업지원사업,0,100,충청남도,고교 졸업예정,제한없음,제한없음
1083,특성화고생 지역정착 활성화 취업지원사업,0,100,충청남도,고졸,제한없음,제한없음
1084,청년공익활동가 육성사업,18,39,충청남도,제한없음,제한없음,제한없음
1086,사회적경제 청년도제 육성청년,18,39,충청남도,제한없음,제한없음,미취업자
1087,어린이집 보육도우미 지원,0,100,충청남도,제한없음,제한없음,제한없음
2002,취업드림데이 온라인 일자리 플랫폼 '잡아람',0,100,세종시,제한없음,제한없음,미취업자
2003,ICT이노베이션스퀘어 운영,0,100,세종시,제한없음,제한없음,제한없음
2004,청년특화 지역산업 맞춤형 일자리창출 지원사업,19,34,세종시,제한없음,제한없음,미취업자
2005,청년 행정인턴,19,34,세종시,제한없음,제한없음,제한없음
2005,청년 행정인턴,19,34,세종시,대학 재학,제한없음,제한없음
2006,청년창업농 및 영농정착 지원사업,18,40,세종시,제한없음,제한없음,제한없음
2007,중소기업탐방 프로그램,0,100,세종시,제한없음,제한없음,제한없음
2008,스마트농업 전문가 육성,0,100,세종시,대학 졸업예정,제한없음,제한없음
2008,스마트농업 전문가 육성,0,100,세종시,대졸,제한없음,제한없음
2008,스마트농업 전문가 육성,0,100,세종시,제한없음,대학 재학,제한없음
2009,세종시 청사진(청년 사회적경제 진출) 프로젝트,0,39,세종시,제한없음,제한없음,제한없음
2010,세종시 스타트업 청년일자리,0,39,세종시,제한없음,제한없음,제한없음
2011,세종시 디지털분야 일경험 청년일자리,0,39,세종시,제한없음,제한없음,제한없음
2012,세종시 사회복지 청년일자리,0,39,세종시,제한없음,제한없음,제한없음
2013,세종시 중소기업 청년일자리,0,39,세종시,제한없음,제한없음,제한없음
2014,행복내일 취업지원프로그램,0,100,세종시,제한없음,제한없음,제한없음
2015,광주청년일경험드림,19,35,광주광역시,제한없음,제한없음,미취업자
2016,민간기업 통합정기공채,19,39,제주도,제한없음,제한없음,제한없음
2017,지역주도형 청년일자리,18,39,제주도,제한없음,제한없음,미취업자
2018,전문직업상담사 취업지원 프로그램,19,39,제주도,제한없음,제한없음,제한없음
2019,청장년 일자리 지원 프로그램,0,100,제주도,제한없음,제한없음,제한없음
2020,청년층 직업지도 프로그램(CAP+),15,29,제주도,고교 재학,제한없음,제한없음
2020,청년층 직업지도 프로그램(CAP+),15,29,제주도,대학생,제한없음,제한없음
2020,청년층 직업지도 프로그램(CAP+),15,29,제주도,제한없음,제한없음,미취업자
2021,청년 DREAM 취업박람회,18,39,제주도,제한없음,제한없음,미취업자
2021,청년 DREAM 취업박람회,18,39,제주도,고교 졸업예정,제한없음,제한없음
2022,서귀포시 스타트업 베이(START-UP BAY),0,39,제주도,제한없음,제한없음,제한없음
2024,DNA+US 기반형 청년일자리 프로젝트,18,39,전라남도,제한없음,제한없음,미취업자
2025,에너지신산업 성장플랫폼 e-뉴딜 프로젝트,18,39,전라남도,제한없음,제한없음,미취업자
2026,그린뉴딜 GPS 프로젝트,18,39,전라남도,제한없음,제한없음,미취업자
2027,스마트제조+유망기업 2.0 프로젝트,18,39,전라남도,제한없음,제한없음,미취업자
2028,크리머스 마케터 지원,18,39,전라남도,제한없음,제한없음,미취업자
2029,블루잡 청년 뉴딜로 프로젝트,18,39,전라남도,제한없음,제한없음,미취업자
2030,조선분야 지역주도형 청년일자리,18,39,전라남도,제한없음,제한없음,재직자
2032,새로일하기센터 운영,0,100,전라남도,제한없음,제한없음,미취업자
2033,청년 일자리카페 운영,0,100,전라남도,제한없음,제한없음,미취업자
2034,청년 구직활동 수당 지원,18,34,전라남도,제한없음,제한없음,제한없음
2035,특성화고 졸업생 선취업 후진학 과정,0,100,전라남도,고교 졸업예정,제한없음,제한없음
2036,지역산업 맞춤형 일자리창출 지원사업,0,100,전라남도,제한없음,제한없음,미취업자
2037,전라남도 청년 해외취업 지원,0,34,전라남도,대학 재학,제한없음,제한없음
2037,전라남도 청년 해외취업 지원,0,34,전라남도,대졸,제한없음,제한없음
2038,청년 농수산 유통 활동가,18,39,전라남도,제한없음,제한없음,미취업자
2039,사회적경제 청년인턴사업,0,39,대구광역시,제한없음,제한없음,미취업자
2039,사회적경제 청년인턴사업,0,39,경상북도,제한없음,제한없음,미취업자
2040,업사이클 디지털 마케팅 청년인력 창출 사업,19,39,대구광역시,제한없음,제한없음,미취업자
2041,지역혁신기관 연계 브레인스타 양성사업,18,39,대구광역시,제한없음,제한없음,미취업자
2043,공공근로(청년디딤돌) 사업,18,39,대구광역시,제한없음,제한없음,미취업자
2043,공공근로(청년디딤돌) 사업,18,39,경상북도,제한없음,제한없음,미취업자
2044,디지털 청년인재 등용문사업,18,34,대구광역시,제한없음,제한없음,미취업자
2045,청년테마별 취업지원,19,34,대구광역시,제한없음,제한없음,미취업자
2046,지역특화청년무역전문가양성사업 지원,0,100,대구광역시,대학 재학,제한없음,제한없음
2047,디지털활용 청년 일자리 예스매칭 사업,19,39,대구광역시,제한없음,제한없음,미취업자
2047,디지털활용 청년 일자리 예스매칭 사업,19,39,경상북도,제한없음,제한없음,미취업자
2048,대구청년학교 ‘딴길’(딴길1·3) 수당연계형,19,34,대구광역시,제한없음,제한없음,미취업자
2049,대구청년학교 ‘딴길’(딴길2),19,39,대구광역시,제한없음,제한없음,제한없음
2050,사회적경제 디지털 청년일자리사업,0,39,대구광역시,제한없음,제한없음,미취업자
2050,사회적경제 디지털 청년일자리사업,0,39,경상북도,제한없음,제한없음,미취업자
2051,로봇프로세스자동화 융합인재 직업 훈련사업,0,100,대구광역시,고졸,제한없음,제한없음
2051,로봇프로세스자동화 융합인재 직업 훈련사업,0,100,대구광역시,대졸,제한없음,제한없음
2052,청년 내일학교 운영,19,34,대구광역시,제한없음,제한없음,제한없음
2053,청년 귀환 경력직 일자리예스매칭,19,39,대구광역시,제한없음,제한없음,미취업자
2054,청년사회진입활동지원금,19,34,대구광역시,고졸,제한없음,제한없음
2054,청년사회진입활동지원금,19,34,경상북도,고졸,제한없음,제한없음
2054,청년사회진입활동지원금,19,34,대구광역시,대졸,제한없음,제한없음
2054,청년사회진입활동지원금,19,34,경상북도,대졸,제한없음,제한없음
2055,청년여성 멘토링 프로젝트,20,39,대구광역시,제한없음,제한없음,제한없음
2056,중소기업 기술사관 육성프로그램 지원,0,100,대구광역시,대학 재학,제한없음,제한없음
2057,스타기업 히어로 양성사업,0,100,대구광역시,대학 졸업예정,제한없음,제한없음
2058,대학생 국내인턴,0,29,대구광역시,대학생,제한없음,제한없음
2058,대학생 국내인턴,0,29,경상북도,대학생,제한없음,제한없음
2059,대학생 취업준비패키지 지원,18,35,대구광역시,제한없음,제한없음,제한없음
2059,대학생 취업준비패키지 지원,18,35,경상북도,제한없음,제한없음,제한없음
2059,대학생 취업준비패키지 지원,18,35,대구광역시,대학 재학,제한없음,제한없음
2060,리크루트 투어,19,34,대구광역시,대학 재학,제한없음,제한없음
2060,리크루트 투어,19,34,대구광역시,대졸,제한없음,미취업자
2061,청년사회서비스사업단 운영,19,34,대구광역시,대학 졸업예정,제한없음,제한없음
2061,청년사회서비스사업단 운영,19,34,대구광역시,대졸,제한없음,제한없음
2062,자동차산업활력 제고를 위한 청년고용 창출 지원사업,18,39,대구광역시,제한없음,제한없음,미취업자
2062,자동차산업활력 제고를 위한 청년고용 창출 지원사업,18,39,경상북도,제한없음,제한없음,미취업자
2063,특화산업(안광학분야)디지털 혁신형 청년고용창출 지원사업,18,39,대구광역시,제한없음,제한없음,미취업자
2063,특화산업(안광학분야)디지털 혁신형 청년고용창출 지원사업,18,39,경상북도,제한없음,제한없음,미취업자
2064,"청년 취업교육, 취업연계 참여(구직)자 모집",0,39,전라북도,제한없음,제한없음,미취업자
2065,2021년 면접비 지원사업,18,100,전라북도,제한없음,제한없음,미취업자
2066,2021 기능우수인력 도내 중소기업 취업지원사업,0,100,전라북도,제한없음,제한없음,제한없음
2067,2021 현상실무형 인력양성 교육과정,0,100,전라북도,제한없음,제한없음,재직자
2067,2021 현상실무형 인력양성 교육과정,0,100,전라북도,고교 재학,제한없음,제한없음
2067,2021 현상실무형 인력양성 교육과정,0,100,전라북도,대학생,제한없음,제한없음
2067,2021 현상실무형 인력양성 교육과정,0,100,전라북도,제한없음,제한없음,미취업자
2068,2021 자격증 취득 지원사업,18,100,전라북도,제한없음,제한없음,미취업자
2069,청년나래 일자리 지원사업 근로자 모집,0,39,전라북도,제한없음,제한없음,제한없음
2070,2021 집단상담 프로그램 교육생 모집,0,100,전라북도,제한없음,제한없음,제한없음
2071,2021 전북형 디지털 청년 일자리 지원사업 청년근로자 모집,0,39,전라북도,제한없음,제한없음,제한없음
2072,2021 [전북 식품산업 고용성장 패키지] 산업간 전직지원 교육생 모집,0,100,전라북도,제한없음,제한없음,미취업자
2073,전북형 청년취업지원사업(진안군),0,100,전라북도,제한없음,제한없음,제한없음
2074,고졸학력 청년 취업연계 지원사업 참가자 모집,0,34,전라북도,고졸,제한없음,미취업자
2075,"[현장코칭 숙련인력 양성사업] 참여기업, 구직자 모집 ",0,100,전라북도,제한없음,제한없음,미취업자
2076,완주군 청년배움지원사업,18,39,전라북도,제한없음,제한없음,제한없음
2077,지역주도형 청년일자리 사업,0,39,전라북도,제한없음,제한없음,제한없음
2078,김제종자생명산업특구 청년일자리사업 참여 청년 모집,18,39,전라북도,제한없음,제한없음,제한없음
2079,지역주도형 청년일자리사업 청년 추가모집,19,39,전라북도,제한없음,제한없음,제한없음
2080,익산 청년취업 드림카드 지원사업 참여자 추가모집,18,39,전라북도,제한없음,제한없음,미취업자
2081,하반기 지역공동체일자리사업 참여자 모집,18,39,전라북도,제한없음,제한없음,제한없음
2082,청년전북 뉴웨이브 지원사업 '청년근로자' 모집 공고,0,39,전라북도,제한없음,제한없음,제한없음
2083,하반기 대학생 직무인턴,0,100,전라북도,대학생,제한없음,제한없음
2084,국비지원 미국취업연수 글로벌청년인재개발 비즈니스 취업과정 3기,0,100,전라북도,대학 졸업예정,제한없음,제한없음
2084,국비지원 미국취업연수 글로벌청년인재개발 비즈니스 취업과정 3기,0,100,전라북도,대졸,제한없음,제한없음
2085,하반기 부안청년 행정인턴,19,29,전라북도,제한없음,제한없음,제한없음
2086,"청년쉼표, 프로젝트 제 10기 참여자 추가모집",18,39,전라북도,고졸,제한없음,미취업자
2086,"청년쉼표, 프로젝트 제 10기 참여자 추가모집",18,39,전라북도,대졸,제한없음,미취업자
2087,여름방학 대학생 단기 인턴 모집,0,100,전라북도,대학생,제한없음,제한없음
2088,"코로나19 행정체험 대학생아르바이트모집
",0,100,전라북도,대학 재학,제한없음,제한없음
2089,전북 식품산업 고용성장 패키지 지원사업 취업 정착금 지원,0,100,전라북도,제한없음,제한없음,재직자
3001,청년전북 뉴웨이브 지원사업,0,39,전라북도,제한없음,제한없음,제한없음
3002,여름방학 대학생 청년인턴 참여자 모집,19,34,전라북도,대학생,제한없음,미취업자
3003,코로나19 극복 전주형 희망일자리사업 참여자 모집공고,19,34,전라북도,제한없음,제한없음,제한없음
3004,NPO연계형 청년 일경험지원사업,0,34,전라북도,제한없음,제한없음,미취업자
3005,문화예술교육 자원조사 인력 모집,19,100,전라북도,제한없음,제한없음,제한없음
3006,2020청년전북뉴웨이브지원사업 청년근로자모집,0,39,전라북도,제한없음,제한없음,제한없음
3007,익산시 코로나19로 인한 단기일자리 참여자 모집,18,100,전라북도,제한없음,제한없음,미취업자
3008,2020청년해외취업연수 지원사업,18,34,전라북도,제한없음,제한없음,미취업자
3009,2020년 청년 구직자 성공정착 지원사업,18,39,전라북도,제한없음,제한없음,미취업자
3010,청년면접정장 대여 지원사업,18,34,전라북도,제한없음,제한없음,미취업자
3011,2020유망분야 해외취업 면접회,0,34,전라북도,제한없음,제한없음,제한없음
3012,2020년 면접사진 지원사업 참여자 모집 공고,18,100,전라북도,제한없음,제한없음,미취업자
3013,2020년 면접비 지원사업,18,100,전라북도,제한없음,제한없음,미취업자
3014,고창군 21년겨울방학 대학생일자리 사업,0,100,전라북도,대학생,제한없음,미취업자
3015,완주군 청년구직자 지원,0,100,전라북도,대학생,제한없음,제한없음
3016,부안군 청년 행정인턴 모집,18,29,전라북도,제한없음,제한없음,제한없음
3017,순창군 겨울방학 대학생 행정인턴 모집,19,34,전라북도,대학생,제한없음,제한없음
3018,구직청년 면접용 정장 대여사업 안내,18,39,전라북도,제한없음,제한없음,제한없음
3019,2021년 상반기 지역공동체 일자리사업 참여자 모집공고,18,100,전라북도,제한없음,제한없음,제한없음
3020,희망심어주기 청년일자리 참여자 모집,0,100,전라북도,제한없음,제한없음,제한없음
3021,제주더큰내일센터 '탐나는인재' 4기 모집,15,34,전라북도,제한없음,제한없음,제한없음
3022,김제시 투자기업 청년취업연계 일자리 지원사업,18,39,전라북도,제한없음,제한없음,제한없음
3023,장수형 지역정착 일자리 지원사업,18,39,전라북도,제한없음,제한없음,미취업자
3024,지역공동체활력화 온라인청년활동가 육성사업 참가자 모집,0,39,전라북도,제한없음,제한없음,미취업자
3025,청년쉼표 프로젝트 제13기 추가모집,18,39,전라북도,제한없음,제한없음,미취업자
3026,무주 청청상생 프로젝트 참여자 모집,19,39,전라북도,제한없음,제한없음,제한없음
3027,2021년 완주군 청년마을학교 청년강사 모집,18,39,전라북도,제한없음,제한없음,제한없음
3028,2021년 제2단계 공공근로사업,18,64,전라북도,제한없음,제한없음,제한없음
3029,지역활력플러스 일자리 사업 참여자 모집,18,68,전라북도,제한없음,제한없음,제한없음
3030,2021 [청년친화 일자리 매칭사업] 청년 모집,0,100,전라북도,제한없음,제한없음,제한없음
3031,2021년 전북고졸청년 특화지원사업,0,34,전라북도,고졸,제한없음,미취업자
3032,2021년 [미래형 전기차 산업연계 청년그린 일자리사업] 청년모집,18,39,전라북도,제한없음,제한없음,미취업자
3033,2021 청년친화 일자리 매칭사업 2차 추가모집,0,100,전라북도,제한없음,제한없음,제한없음
3034,2021년 하반기 대학생 직무인턴 참여자 모집공고,18,39,전라북도,대학생,제한없음,제한없음
3034,2021년 하반기 대학생 직무인턴 참여자 모집공고,18,39,전라북도,대학 재학,제한없음,제한없음
3034,2021년 하반기 대학생 직무인턴 참여자 모집공고,18,39,전라북도,대학원생,제한없음,제한없음
3034,2021년 하반기 대학생 직무인턴 참여자 모집공고,18,39,전라북도,대졸,제한없음,미취업자
3035,[익산시] 2021년 하반기 다이로움 일자리 참여자 모집 안내,18,100,전라북도,제한없음,제한없음,제한없음
3036,2021년 3단계 정읍형 상생일자리사업 참여자 모집,18,69,전라북도,제한없음,제한없음,제한없음
3037,제주더큰내일센터 탐나는인재(참여자) 5기 모집,15,34,전라북도,제한없음,제한없음,제한없음
3038,2021년도 우수 학위논문 지원 사업,0,100,전라북도,석·박사,제한없음,제한없음
3039,남원시 청년 구직활동수당 지원사업,19,39,전라북도,제한없음,제한없음,제한없음
3040,2021년 익산 청년취업 드림카드 지원사업 참여자 추가모집,18,39,전라북도,제한없음,제한없음,미취업자
3041,청년구직활동 지원사업,18,34,강원도,고졸,제한없음,미취업자
3041,청년구직활동 지원사업,18,34,강원도,대졸,제한없음,미취업자
3042,청년디딤돌카드,18,34,부산광역시,제한없음,제한없음,미취업자
3043,정장 대여서비스(드림옷장),18,34,부산광역시,제한없음,제한없음,제한없음
3044,청년 두드림 센터,18,34,부산광역시,제한없음,제한없음,제한없음
3045,부산일자리종합센터,0,100,부산광역시,제한없음,제한없음,제한없음
3046,부산일자리정보망,0,100,부산광역시,제한없음,제한없음,제한없음
3047,부산 K-move센터(월드잡플러스),0,100,부산광역시,제한없음,제한없음,제한없음
3048,부산창조경제혁신센터 고용존,19,34,부산광역시,제한없음,제한없음,제한없음
3049,울산청년 구직지원금,19,34,울산광역시,제한없음,제한없음,미취업자
3050,2021 청년도전 지원사업,18,34,울산광역시,제한없음,제한없음,미취업자
3051,울산청년 디지털 마케팅 전문 인력 양성,0,34,울산광역시,고졸,제한없음,미취업자
3051,울산청년 디지털 마케팅 전문 인력 양성,0,34,울산광역시,고졸,제한없음,미취업자
3051,울산청년 디지털 마케팅 전문 인력 양성,0,34,울산광역시,대졸,제한없음,미취업자
3051,울산청년 디지털 마케팅 전문 인력 양성,0,34,울산광역시,대졸,제한없음,미취업자
3052,2030 U-dream 사업,19,34,울산광역시,제한없음,제한없음,미취업자
3053,AI 배울랑校,0,100,울산광역시,제한없음,제한없음,제한없음
3054,대학 일자리센터,19,34,울산광역시,제한없음,제한없음,제한없음
3055,울산청년 취업역량 강화패키지(강소기업형),19,39,울산광역시,제한없음,제한없음,미취업자
3056,경남 대학 일자리센터,19,34,경상남도,제한없음,제한없음,제한없음
3057,청년농업인 취농 인턴제,18,44,경상남도,제한없음,제한없음,제한없음
3058,슛-골,19,34,경상남도,제한없음,제한없음,제한없음
3059,드림카드,18,34,경상남도,제한없음,제한없음,미취업자
3060,경남 청년일자리 교육 사업,18,34,경상남도,제한없음,제한없음,미취업자
3061,고졸예정자 취업 특화과정,0,100,경상남도,고졸,제한없음,미취업자
3062,경남형 뉴딜일자리 사업,18,38,경상남도,제한없음,제한없음,제한없음
3063,경남형 스마트 일자리 전문인력 양성,19,38,경상북도,제한없음,제한없음,제한없음
3064,경북청년 진로 멘토멘티 스쿨 청년愛꿈,19,34,경상북도,제한없음,제한없음,미취업자
3065,청년구직자 AI면접(역량검사),20,39,경상북도,제한없음,제한없음,제한없음
3066,취업희망 프로그램,0,100,전국,제한없음,제한없음,제한없음
3068,성취프로그램,0,100,전국,제한없음,제한없음,제한없음
3069,취업능력향상(행복오름) 프로그램,0,100,전국,제한없음,제한없음,미취업자
3070,청년층직업지도프로그램(CAP+/CAP@),19,34,전국,제한없음,제한없음,미취업자
